"ID","Usuario","Perfil_Detalle","Tiempo_Aproximado","Tipo_Comida","Rango_Precio","Sentimiento","Platos_Mencionados","Aspectos_Positivos","Aspectos_Negativos","Respuesta_Propietario","Texto_Resena"
274,"Manuel Rodicio Beña","Local Guide · 23 reseñas · 19 fotos","Hace 4 años","Cena","20-30 €","Positivo","Bravas, Empanadillas criollas, Sam de gambas, Croquetas","Bravas, empanadillas y sam de gambas riquísimos; camareros atentos y simpáticos","Croquetas correctas sin nada especial","No","Todo bueno. Las bravas especialmente, las empanadillas criollas y lo mejor las sam de gambas. Las croquetas correctas, pero nada especiales. Los camareros atentos y simpáticos."
275,"Amador Villar Riu","Local Guide · 154 reseñas · 5 fotos","Hace 7 años","","","Positivo","Tapas variadas","Comida bien preparada y muy rica, local agradable","Local pequeño","No","Genial. Nos gustó mucho. Esta todo muy bien preparado, y muy rico. El sitio es pequeño pero muy agradable. Variedad de tapas, No os defraudará"
276,"ramon aragon rodriguez","Local Guide · 749 reseñas · 4.778 fotos","Hace 8 años","","","Positivo","Tapeo informal","Referente de tapeo informal de alta calidad","No reservan mesas; servicio colapsado por avalancha de clientes en horas punta","No","Aunque lleva poco tiempo abierto ya se ha convertido en un referente de los que buscamos un tapeo informal pero de alta calidad. Como no reservan mesas hay que ir lo más pronto posible... A veces se les colapsa el servicio"
277,"Gui Volker","7 reseñas","Hace 4 años","","","Positivo","Empanadillas criollas, Tacos de pulpo en tempura","Fusión hispano-latina perfecta, tapas deliciosas, precio justo","","No","Uno de los mejores restaurantes que conozco en España. La perfecta mezcla de la culinaria española y latina resultan en tapas deliciosas con precio justo. Recomiendo las empanadillas criollas y los tacos de pulpo en tempura."
278,"David López","Local Guide · 18 reseñas · 8 fotos","Hace 3 años","Cena","","Positivo","Tapas de autor","Tapas exquisitas y variadas con gran textura y sabor; camarero uruguayo muy acogedor","","No","Tapas exquisitas y variadas con diferentes texturas y sabores. Gran elaboración. En sala tienen un camarero uruguayo que te hace sentir como en casa. Volveremos!"
279,"Eduardo López-Tarruella González","Local Guide · 292 reseñas · 342 fotos","Hace 4 años","","","Positivo","","Platos con identidad y sensaciones únicas, gran asesoramiento de sala","","Sí","Gran descubrimiento. El equipo de sala nos ha dirigido muy bien nuestra idea de cena. Todos los platos tenían su identidad, sus sabores y hacen que desgastes una cena de sensaciones. Volveré seguro"
280,"Ricardo Quintana","Local Guide · 199 reseñas · 175 fotos","Hace 8 años","","","Mixto","Raciones","Sabor muy bueno en todos los platos","Raciones con poca cantidad y precio bastante caro","No","Muy bueno todo lo que hemos probado, eso si las raciones con poca cantidad y bastante caro."
281,"Jorge Sanchez","Local Guide · 23 reseñas · 4 fotos","Hace 6 años","","","Negativo","Cerveza","Comida notable para almuerzos formales","Servicio muy deficiente y lento (esperas eternas por una cerveza); no apto para picoteo rápido","Sí","Segunda vez que me voy esperando a que me pongan una simple cerveza. Esta vez en la mesa de la entrada en su nuevo local. La comida notable, el servicio deficiente. Para comer merece, para ir a tomar unas cervezas y picar algo, hay 40 mejores"
282,"Elena Ros","7 reseñas · 1 foto","Hace 4 años","Cena","40-50 €","Positivo","Sam de gambas","Comida muy rica, buen asesoramiento, sam de gambas sobresaliente","Algo caro (45€ por persona tomando solo cerveza y agua)","No","Todo muy rico. Nos asesoraron bien para pedir. El sam de gambas estaba buenísimo. Un poquito caro, 45€ por persona bebiendo solo cerveza y agua."
283,"Eva Reyero","Local Guide · 12 reseñas · 4 fotos","Hace 2 años","Cena","60-70 €","Negativo","Torreznos","","Comida muy escasa para menú de grupo de 60€; torreznos excesivamente grasientos para cenar","No","He estado un par de veces y no lo recomiendo para grupos grandes, en mi opinión la comida fue escasa para un menú de 60€, y no debí de comer mucho porque acabamos bailando. Los torreznos para cenar, caen un poco grasientos."
284,"Gonzalo S.","Local Guide · 106 reseñas · 22 fotos","Hace 1 año","","","Positivo","","Comida muy buena y servicio atento","Mesas sin mantel y distribución alineada poco íntima","No","Muy buena la comida y el servicio. El local me gusta pero soy de los que prefiere las mesas con manteles y no alineadas."
285,"JOSE MARTI PELLON","Local Guide · 28 reseñas","Hace 3 años","","","Negativo","Cerveza Turia de barril, Cerveza Mahou, Tostas y tapas individuales","Comida correcta","Precios abusivos en cerveza (5.20€ Turia / 4.80€ Mahou), tapas individuales caras (7-8€) y raciones escasas","No","Me quedé sorprendido por pagar 5:20 por una cerveza Turia de barril y 4:80 por una Mahou. Ni que estuviéramos en un país nórdico. La comida bien, pero alta de precio para la zona y las cantidades no abundantes. Los picoteos son tostas y tapas individuales..."
286,"Rodrigo Muñoz","Local Guide · 87 reseñas · 261 fotos","Hace 4 años","","","Positivo","","Platos elaborados con sabores especiales, personal atento, terraza agradable","Precio ligeramente por encima de la media","Sí","Platos muy elaborados con sabores bastante especiales, nos ha gustado mucho, el personal atento y la terraza agradable. Quizás el precio está un poco por encima dela media. Recomendable."
287,"PeterCA","Local Guide · 23 reseñas · 23 fotos","Hace 6 años","","","Positivo","Platos de autor","Propuesta gastronómica de primer nivel y elaboración meticulosa","No apto para quienes busquen cantidad abundante o precios de derribo","Sí","La propuesta gastronómica de primer nivel, viendo los comentarios entro a valorar con cautela... Si quieres cantidad no es tu sitio, si buscas precio de derribo no es tu sitio. Si valoras el trabajo que hay detrás de un plato..."
288,"Evitta","Local Guide · 252 reseñas · 67 fotos","Hace 2 años","Comida","30-40 €","Positivo","Postres","Platos cuidados y de calidad en formato informal, buen trato, postres obligatorios","","No","Si buscas un sitio informal pero con platos bien eleborados y cuidados, puede ser tu sitio. El trato es bueno, con comida informal pero de calidad: no dejes de pedir los postres!!"
289,"Esther y Daniel","Local Guide · 43 reseñas · 3 fotos","Hace 7 años","","","Positivo","Vinos seleccionados, Cerveza","El mejor gastrobar gourmet del noroeste, carta equilibrada, atención brillante de Óscar","","No","El mejor bar gourmet sin duda de la zona noroeste, excelentes elaboraciones, carta equilibrada. Selección de caldos y cerveza muy buena. Oscar atendiendo a los clientes, experiencia para repetir una y otra vez."
290,"Arantxa","11 reseñas","Hace 3 años","","","Positivo","","Comida muy buena y atención sobresaliente de todo el personal","","No","Un sitio maravilloso para pasar un ratito genial. La comida muy buena y la atenció de sobresaliente. Todo el personal encantador. Sin duda para repetir y recomendar"
291,"Felipe Villar","1 reseña","Hace 4 años","","","Positivo","Platos de temporada fusión","Platos innovadores con producto de temporada, ambiente alegre y empleados amables","","Sí","Magnífico restaurante con productos de temporada con un cocinado con aires de fusión que dan como resultado platos ricos, innovadores y llenos de rock n roll. Ideal para disfrutar con los amigos y familia..."
292,"Alejandra Marín Fernández-Conde","9 reseñas","Hace 3 años","Comida","50-60 €","Positivo","","Género y materia prima inmejorable, atención magnífica y atenta","","No","Hemos comido muy bien, el género de todos los productos inmejorable. Además de una atención magnífica, todo el personal muy atento y amable. Repetiremos pronto!"
293,"Lucas Acosta Suárez","1 reseña","Hace 1 año","","","Positivo","","Buena comida y ambiente tranquilo para cenas informales con amigos","","No","Buena comida y ambiente tranquilo. Ideal para una cena informal o para ir con amigos"
294,"Elisa García Izaguirre","3 reseñas","Hace 1 año","","","Positivo","","Comida riquísima y trato muy amable","","No","Estupendo. Hemos comido genial, todo riquísimo y todos muy amables"
295,"Ignacio Seijas","Local Guide · 38 reseñas · 13 fotos","Hace 5 años","","","Positivo","","Servicio súper simpático y correcto, comida rica y bien presentada, precio acorde","","No","Veamos... El servicio, genial, super simpáticos y correctos. La comida, bastante rica, bien cocinada y bien presentada. El precio, bueno, en línea con lo anterior. Me ha gustado el sitio, obviamente"
296,"Javier S","Local Guide · 1.274 reseñas · 4.689 fotos","Hace 8 años","","","Mixto","Tapas de autor","Tapas originales y con presentación cuidada","Sin aperitivo de cortesía con la bebida; a ciertas tapas les faltaba potencia de sabor","No","Tapas originales y muy bien presentadas. A mejorar: no ponen un aperitivo con la bebida, a las tapas les faltaba un poco de sabor."
297,"lucas beltrán","8 reseñas","Hace 1 año","Cena","30-40 €","Positivo","Platos creativos","Platos originales riquísimos, local agradable, camareros majísimos","","No","Todo riquísimo. Un sitio agradable donde probar platos diferentes. El servicio y los camareros majísimos. Volveremos!"
298,"Ainara Hualde","Local Guide · 34 reseñas","Hace 1 año","","","Positivo","","Materia prima de lujo, ambiente inmejorable y personal de 10","","Sí","Increíble experiencia. En un ambiente inmejorable y con una materia prima de lujo, la cocina, el ambiente y el personal de La Roca son de 10. Muchísimas ganas de repetir!"
299,"joni alyo","3 reseñas","Hace 1 año","Cena","","Positivo","Arroz meloso con solomillo, Chipirones","Ambiente familiar, trato estupendo, arroz meloso y chipirones espectaculares","","Sí","Ambiente familiar,gran trato con platos espectaculares en especial el arroz meloso con solomillo y los chipirones.Repetire sin duda"
300,"Javier Lacosta","2 reseñas","Hace 3 años","","","Positivo","","Producto espectacular, restaurante y terraza acogedores, atención perfecta en celebraciones","","No","Terraza y restaurante muy acogedores,producto espectacular y mejor trato aún , estuvimos perfectamente atendidos desde el principio y sin saber que era el cumpleaños de uno de mis acompañantes. Lo recomendaría 100x100 ."
301,"Alfonso Chinchilla Rico","Local Guide · 86 reseñas · 618 fotos","Hace 7 años","","","Positivo","Raciones y medias raciones de temporada","Excelente oferta gourmet del chef Alberto Molinero con formato flexible de raciones","","No","Muy buena carta y oferta de productos Gourmet del Chef mirandés Alberto Molinero. Su carta varía según Temporada, posibilidad de tomar raciones y medias raciones"
302,"jose miguel martinez","Local Guide · 68 reseñas · 156 fotos","Hace 3 años","Cena","60-70 €","Positivo","Copas de vino tinto","Atención excelente adaptada a los comensales, presentación impecable, grandes vinos tintos","","No","Excelente atención, recomendacion de platos ajustado a las necesidades de los comensales. La comida riquisima y presentación en mesa impecable. Las copas de vino tinto una pasada.Lo recomiendo absolutamente."
303,"Charlie Stop","Local Guide · 261 reseñas · 348 fotos","Hace 1 año","Cena","40-50 €","Positivo","Tortilla de patatas de Betanzos, Yema con migas y gambas","Tortilla de Betanzos espectacular, yema con migas deliciosa, atención continua e inmejorable","","Sí","Espectacular la tortilla de patatas de Betanzos! La Yema con migas y gambas MUY buena! La atención continúa inmejorable! Atope Roca"
304,"Alberto Cabello","Local Guide · 44 reseñas · 23 fotos","Hace 3 años","Comida","30-40 €","Negativo","","Antiguamente restaurante de cabecera","Decepción severa por bajada drástica de calidad culinaria en 3 de los 4 platos pedidos","No","Estaba en nuestra lista de restaurantes preferidos de Madrid… pero en la última visita la decepción fue muy importante. No se si es debido a algún cambio de propietario o del equipo en la cocina pero la comida dejo mucho que desear…"
305,"Irene Rubio palacios","6 reseñas","Hace 5 años","","","Mixto","Platos tradicionales modernizados","Comida sabrosa","Precios algo altos; actitud inadecuada de sala con bromas impertinentes hacia mesa femenina","Sí","La comida rica, aunque ligeramente cara la tratarse de platos tradicionales pero con una presencia modernizada. La atención no tan buena, éramos 6 mujeres cenando y los comentarios impertinentes y gracietas que no vienen al caso..."
306,"Vanesa Asta","Local Guide · 198 reseñas · 91 fotos","Hace 3 años","","","Positivo","Platos de autor","Comida elaborada y original, buen ambiente, trato muy simpático del dueño y encargado","","Sí","Se come más que bien. Todos los platos elaborados y originales. El dueño es muy simpático y el encargado también. El ambiente es muy bueno."
307,"Marta Camacho Gonzalez","6 reseñas","Hace 3 años","","","Positivo","Pinchos, Alcachofas","Pinchos deliciosos, alcachofas increíbles, atención y dedicación sobresaliente de Alejandro","","No","Comida espectacular. Los pinchos deliciosos. Las alcachofas increíbles! Y, lo mejor de todo, la atención del personal. Alejandro, Gracias por tu dedicación! Repetiremos seguro. Todo un lujo!"
308,"Selin","9 reseñas","Hace 1 año","","","Positivo","","Muy buen ambiente, gran atención y servicio personalizado de Ney","","No","¡Muy buen ambiente y una gran atención por parte del personal! Gracias Ney, muy recomendable :)"
309,"Jorge Alvarez","Local Guide · 89 reseñas · 116 fotos","Hace 1 año","Cena","30-40 €","Positivo","","Recepción agradable con mesa preparada, camareros atentos, comida rica a precio razonable","","Sí","La recepción por parte de los camareros fue muy agradable, tenían nuestra mesa preparada, fueron muy atentos y la comida estaba muy rica a un precio muy razonable"
310,"Estela Gonzalez","Local Guide · 40 reseñas · 8 fotos","Hace 4 años","","","Positivo","Arroz meloso con solomillo, Tartar de atún, Tarta de queso","Comida riquísima en arroces y postres, excelente servicio para familias","","No","Como siempre, genial, la comida buenísima y el servicio también. Recomendamos el arroz meloso con solomillo, el tartar de atún y la tarta de queso. Toda la familia encantada"
311,"Javier Iñesta","Local Guide · 131 reseñas · 1.519 fotos","Hace 5 años","","","Positivo","","Cocina auténtica con ingredientes de alta calidad para celebraciones","","No","Fuimos a celebrar un cumpleaños en un sitio donde pudieramos disfrutar de cocina de verdad cin ingredientes de alta calidad."
312,"Daniel Iñiguez Cabrera","2 reseñas","Hace 4 años","Comida","40-50 €","Positivo","","Comida de gran calidad, servicio muy profesional, atento y agradable","","No","Comida de gran calidad y servicio muy profesional, atento y agradable. Muy recomendable."
313,"Oscar Butgos Mateos","2 reseñas","Hace 6 años","","","Positivo","","Comida fantástica, trato y explicaciones apasionadas del propietario Óscar","","No","Fantástica comida, y el trato espectacular!! Sobre todo del propietario Oscar que es un profesional de la hostelería que te explica con entusiasmo cada plato, muy recomendable"
314,"Jaime I. Jimenez","Local Guide · 251 reseñas · 26 fotos","Hace 5 años","","","Positivo","Torrezno a baja temperatura","Doble carta (clásica y moderna), cocina gustosa y técnica excelente en torreznos","","Sí","Quizá el restaurante perfecto. Dos pequeñas cartas: Clásica ( con algún toque de modernidad) y otra definitivamente a la moda. Cocina tan moderna como gustosa. El torrezno es torrezno, pero la baja temperatura, el vacío..."
315,"Gonzalo","Local Guide · 168 reseñas · 433 fotos","Hace 4 años","Cena","","Mixto","Alcachofas a la brasa con parmentier de patata y rabo de toro, Patatas fritas de bolsa","Muy buen trato en pareja, alcachofas a la brasa deliciosas","Aperitivo triste a base de patatas de bolsa industriales","No","Cenamos en pareja y el trato fue muy bueno. Nos gustaron mucho las alcachofas a la brasa con partenier de patata y rabo de toro. El aperitivo con patatas fritas de bolsa un poco triste"
316,"David Garcia","12 reseñas","Hace 10 meses","Comida","20-30 €","Positivo","","Comida riquísima, local muy agradable, servicio excepcional","","No","Riquísimo, en un restaurante muy agradable y servicio excepcional"
317,"Loreto Fornés","Local Guide · 8 reseñas · 5 fotos","Hace 7 años","","","Positivo","Platos recomendados","Comida estupenda, buenas recomendaciones de sala, atención muy cuidada","Ruido y follón en el salón debido al tamaño reducido del local cuando se llena","Sí","Estupenda comida y buenas recomendaciones por parte del camarero. Muy buena atención. SI he de sacarle una pega era que al estar lleno y no ser muy grsbde había bastante follón."
318,"Almudena Rodriguez","Local Guide · 31 reseñas · 1 foto","Hace 4 años","","","Positivo","","Comida de diseño con productos de calidad, servicio rápido y personal encantador","","Sí","Comida de diseño con producto se calidad! Servicio rápido y personal encantador,."
319,"Javi Lazaga","7 reseñas · 1 foto","Hace 9 años","","","Positivo","Platos de mercado","Materia prima magnífica, texturas y sabores acertados, excelente relación calidad-precio","","No","La calidad de la materia prima es magnífica y los platos salen riquisimos con unas combinaciones en textura y sabor muy acertadas. La atención del personal muy buena y la relación calidad-precio insuperable."
320,"Oscar Navarro","Local Guide · 52 reseñas · 23 fotos","Hace 4 años","Cena","40-50 €","Positivo","","Comida muy rica, camareros serviciales y muy atentos","","No","Comida muy rica, camareros muy atentos y serviciales. Recomendable 100%"
321,"Alicia Carrillo Segura","Local Guide · 105 reseñas · 125 fotos","Hace 1 año","Comida","30-40 €","Positivo","","Comida buenísima","","No","Buenísimo"
322,"Pili Quintana","Local Guide · 21 reseñas · 1 foto","Hace 4 años","","","Positivo","Ravioli, Mollete, Cigala","Cocina variada y muy elaborada, trato de 10","","No","Fui con mi pareja y la verdad todo muy rico, una cocina muy variada y elaborada y con un trato de 10. Ravioli, mollete y la cigala platos a destacar. Sin duda sitio de referencia en Pozuelo"
323,"Ateoronaldo","896 reseñas","Hace 7 años","","","Negativo","Taco japomejicano","Tapas sabrosas","Raciones extremadamente escasas; el taco japomejicano no da ni para un bocado y su coste no se justifica","Sí","Tapas muy escasas para los precios que manejan y, aunque están muy ricas, la relación calidad/precio/cantidad no es buena. No pidas el taco japomejicano; está muy rico pero no da ni para un mordisco (y no exagero) y no justifica su precio."
324,"Carlos","Local Guide · 37 reseñas · 67 fotos","Hace 4 años","","","Positivo","","Bienvenida excelente de Otman y nivel superlativo de Ney en sala","","Sí","Como siempre, el mejor sitio de Pozuelo, en la entrada Otman se encarga de darte la bienvenida, y en la sala Ney es otro nivel. Esto lo digo porque en Pozuelo por desgracia, hay infinidad de sitios con infraestructuras mejores e..."
325,"Carmen Luaces","Local Guide · 124 reseñas · 48 fotos","Hace 2 años","Comida","60-70 €","Positivo","Tapas y platos a la carta","Local decorado con gusto, comida excelente en tapeo y carta, asesoramiento perfecto","","No","Lugar muy agradable decorado. Comida excelente, tanto para tapear como comer a la carta. Servicio muy profesional, cercano y con asesoramiento perfecto."
326,"Antonio Caballero Sol","1 reseña","Hace 1 año","Comida","30-40 €","Positivo","Propuestas del chef","Comida muy buena y original con propuestas de autor","","No","La comida buenísima y original. Os recomiendo que os dejéis sorprender con las propuestas del chef."
327,"Laura PF","6 reseñas","Hace 4 años","","","Positivo","","Comida fenomenal, servicio rápido, atento y velada muy amena","","No","Nos trataron muy bien y nos hicieron la cena muy amena. Se come fenomenal. Son rápidos y siempre están pendientes de ti y tu mesa."
328,"David Cuervo","1 reseña","Hace 4 años","","","Positivo","Arroz meloso con solomillo, Calamares, Bacalao","Atención excelente, arroces y pescados espectaculares","","No","Atención excelente por parte de los camareros, arroz meloso con solomillo, calamares y bacalao espectaculares. Altamente recomendable, volveremos sin duda."
329,"crsitina roldan","Local Guide · 62 reseñas · 22 fotos","Hace 8 años","","","Negativo","Pulpo a la brasa con patatas y alioli","","Pulpo duro y caro (16.50€ por media pata y 3 minirodajas de patata), mesas altas incómodas","No","El pulpo es un atraco... 16.50 euros por la mitad de una pata pequeña abierta en dos y algo dura, tres minirodajas de patatas enanas y dos cucharaditas de moka de alioli... mesas altas e incomodas.. sin ser malo es caro."
330,"Oscar Redondo Muñoz","Local Guide · 75 reseñas · 160 fotos","Hace 3 años","Comida","60-70 €","Positivo","Menú","Menú sabroso, atención cercana y agradable del personal","","No","Fuimos a comer con reserva. El restaurante es muy recomendable, la atención del personal es cercana y agradable. El menú está muy sabroso."
331,"Casto Prieto Lopez","Local Guide · 712 reseñas · 1.920 fotos","Hace 5 años","","","Positivo","Postres","Terraza bien ventilada, comida buena en general, servicio correcto","","No","Buen restaurante en la calle Europa de Pozuelo. Dispone de terrazas y está bien ventilado. La comida en general esta toda buena y la atención es más que correcta. Los postres en general están bien"
332,"Jose M. Serrano","7 reseñas","Hace 3 años","","","Positivo","","Gran calidad en cada plato, trato excelente para familias y amigos","","No","Calidad en cada plato y trato excelente por parte de todo el personal. De los mejores sitios en Pozuelo para cenar con amigos y familia."
333,"oscar de vidania","Local Guide · 85 reseñas · 7 fotos","Hace 4 años","Comida","30-40 €","Positivo","Platos explicados","Comida original de calidad, explicaciones amenas del personal sobre cómo degustar los platos","","No","Muy buena comida de calidad, diferente a lo normal. Excelente trato del personal. El que te expliquen como comerlo, es una sorpresa. Muy bien."
334,"Jorge Manrique","8 reseñas","Hace 4 años","","","Positivo","Tapas originales","Tapas variadas y ricas, atención fantástica de Óscar y equipo","","Sí","Magnifico restaurante en Pozuelo! Variedad de tapas originales y muy ricas, gran atención de Óscar y todo su equipo. Mi sitio de referencia en Avenida de Europa, no lo dudes, te encantará!"
335,"jantonfuertes","16 reseñas · 1 foto","Hace 4 años","","","Positivo","Chuletón a la brasa","Chuletón a la brasa escandalosamente bueno, trato familiar","","Sí","La Roca Comida espectacular, trato inmejorable, hacen sentirse a uno como en casa. El chuletón a la brasa es un escándalo!"
336,"Carlos Verdejo","4 reseñas","Hace 4 años","Cena","20-30 €","Positivo","Platos fuera de carta, Helado de violetas","Platos de sugerencias infalibles, helado de violetas único, gran profesionalidad en cocina y sala","","No","Soy de esos que escuchan los platos fuera de carta… aún no he probado nada de la carta porque siempre me convencen y siempre funcionan. Un 10 de atención y de cocina, grandes profesionales. Por cierto, el helado de violetas otro rollo."
337,"Pilar De Cascante","Local Guide · 223 reseñas · 11 fotos","Hace 6 años","","","Mixto","","Comida sabrosa","Servicio irregular y mesa con pésima iluminación (solo la luz de un escaparate que se apagó a las 23h)","No","Me gustó la comida, el servicio irregular, pero la ubicación de la mesa nefasta. No había más iluminación que la de un escaparate, que se apagó hacia las 23h o así. Lo excuso porque en estos primeros tiempos de apertura está todo aún poco organizado."
338,"Susana Nieva","Local Guide · 19 reseñas · 1 foto","Hace 5 años","","","Positivo","","Muy buena calidad culinaria y precios correctos","","Sí","Súper recomendable, lo encontré por casualidad y nos sorprendió muy gratamente. Muy buena calidad de los platos y los precios muy bien. Repito sin duda"
339,"Elena González","Local Guide · 26 reseñas","Hace 5 años","","","Positivo","","Comida buenísima a precio razonable, servicio amable","","No","La comida buenísima por precio razonable y el servicio amable. Muy buena experiencia."
340,"Carlos Carvajal Valilla","5 reseñas","Hace 3 años","Comida","30-40 €","Positivo","Platos creativos","Excelente estética y emplatado, calidad superior, camareros de trato impecable","","No","Es un restaurante que da gusto venir, la calidad, la excelencia, y el servicio de los camareros y la atención de ellos es excelente digno de repetir miles de veces un sitio ideal para disfrutar de una comida que sorprende con la estética."
341,"Juan Mago","5 reseñas","Hace 1 año","","","Positivo","Menú navideño","Comida exquisita (puntuada con un 20), servicio y amabilidad de 10 en cenas de grupo","","Sí","Vinimos a cenar para una cena de Navidad con amigos. Un 10 al servicio, la amabilidad y un 20 a la comida, todo estaba exquisito!!"
342,"Miguel Carralón","Local Guide · 31 reseñas · 2 fotos","Hace 2 años","Comida","30-40 €","Negativo","","","Local sin personalidad, servicio lento, comida plana y cuenta cara (48€/persona)","No","Local sin gracia, servicio lento y comida sin más y además caro. 48 euros cabeza"
343,"Juan Carlos","2 reseñas","Hace 3 años","Cena","20-30 €","Positivo","Bikinis de sardina ahumada, Empanada, Vieira, Escalopes de kobe","Todos los bocados y tapas calientes deliciosos","","No","Sitio estupendo. Fuimos a cenar y probamos bikinis de sardina ahumada, empanada, vieira y ezcalopes de kobe y todo buenisimo."
344,"PABLO SERRANO","Local Guide · 30 reseñas · 7 fotos","Hace 2 años","Comida","40-50 €","Mixto","Pulpo, Chopitos","Servicio muy bueno","Calidad y cantidad cuestionables en mariscos (solo 4 chopitos en la ración)","No","La calidad y cantidad de algunos platos es cuestionable (pulpo; chopitos, cuatro en la ración), el servicio es muy bueno."
345,"Celia Caballero González","1 reseña","Hace 1 año","Comida","30-40 €","Positivo","Platos combinados","Emplatados cuidados, mezclas de sabores sorprendentes, trato excelente","","No","Desde la comida, la atención al cliente, los emplatados y la combinación de sabores, venir a este restaurante se ha convertido en una experiencia que sin duda repetiremos."
346,"Alejandro Martin","Local Guide · 31 reseñas · 9 fotos","Hace 11 meses","Comida","20-30 €","Positivo","Gyozas","Comida deliciosa, trato excelente, gyozas muy recomendadas","","No","Todo buenísimo y el trato excelente! Recomiendo las gyozas"
347,"cristina peñalver","Local Guide · 37 reseñas · 2 fotos","Hace 3 años","Cena","20-30 €","Negativo","Hamburguesa, Calamares con base de arroz","","Hamburguesa excesivamente pasada y calamares sobre arroz de vasito precocinado","No","Una hamburguesa con la carne muy pasada y un plato de calamares con una base de arroz de bote de supermercado nos llevan a categorizar la cena como desastre. No estuvo al nivel de otras veces que había ido. Calidad y cocina muy mejorable."
348,"Miguel Ángel G.E.","Local Guide · 74 reseñas · 1 foto","Hace 4 años","","","Positivo","","Elaboración de 10, producto de calidad, servicio correcto y amable","","No","No es la primera vez que venimos, y siempre salimos contentos. Servicio muy correcto y amable, producto de calidad y elaboración de 10. Totalmente recomendable"
349,"Nicolas López-peña","3 reseñas","Hace 1 año","Cena","30-40 €","Positivo","","Regularidad y perfección culinaria tanto entre semana como en festivos","","Sí","Tremendo sitio.....Hemos comido varias veces entre semana y fines de semana y todo perfecto. Repetitemos"
350,"Ibra Correcaminos4x4","Local Guide · 138 reseñas · 181 fotos","Hace 6 años","","","Positivo","Tapeo y platos de carta","Cocina de gran nivel, instalaciones acogedoras, servicio muy profesional","","Sí","Esplendido restaurante en el centro de Pozuelo en el que recomiendo comer,cenar o simplemente tomar un aperitivo su cocina es de muy buena calidad el servicio es muy profesional y las instalaciones son muy acogedoras"
351,"Gonzalo del Real","Local Guide · 95 reseñas · 117 fotos","Hace 7 años","","","Positivo","Raciones","Raciones originales, bien elaboradas y de calidad; excelente atención de Óscar","Poca variedad de marcas de cerveza","No","Muy buena calidad en todo lo que tomamos, raciones originales y bien elaboradas. El servicio muy bueno (Oscar). Eché de menos algo de variedad en cerveza. Volveremos."
352,"Rosa López","Local Guide · 48 reseñas · 136 fotos","Hace 1 año","Comida","30-40 €","Mixto","Opciones sin gluten","Comida muy rica","Carta con pocas opciones para personas celíacas o intolerantes al gluten","No","Se come muy bien,aunque no tienen muchos platos aptos para intolerantes al gluten."
353,"Ana Tebar","Local Guide · 34 reseñas · 5 fotos","Hace 3 años","","","Negativo","Cerveza","Comida con buen sabor","Precios abusivos en cerveza (5.20€ y 4.80€) y raciones escasas para el importe cobrado","No","No estamos en un sitio turístico de Italia o Inglaterra para q se cobre la cerveza a 5.20 y 4.80.€. La cocina Rica pero escasa para el palo q meten siempre."
354,"Virginia Romero","2 reseñas","Hace 1 año","","","Positivo","","Cocina y servicio especiales, excelente organización del jefe de sala","","No","Todo especial, tanto el trabajo de cocina como el del servicio, destacable la organización del jefe de sala, una cena genial!"
355,"Francisco Altozano","3 reseñas · 18 fotos","Hace 9 años","","","Positivo","Tapas variadas, Cerveza La Salve","Cocina de mercado muy elaborada, cerveza La Salve bien tirada, trato excepcional","","No","Magnífico restaurante con cocina de mercado muy elaborada. Tapas de todo tipo, a cual mejor. Espléndida cerveza La Salve. Personal profesional con un trato excepcional. Muy recomendable."
356,"Manuel Romero","Local Guide · 81 reseñas · 2 fotos","Hace 11 meses","Comida","30-40 €","Positivo","Platos gourmet","Cocina gourmet variada, local acogedor, servicio profesional","","No","Servicio atento y profesional, comida variada gourmet y local agradable, una buena experiencia"
357,"Mª Dolores Muñoz Carreras","Local Guide · 215 reseñas · 42 fotos","Hace 7 años","","","Positivo","Platos gourmet","Carta impecable donde todo está exquisito","","Sí","Todo excelente, esperando el nuevo local para seguir degustando sus exquisiteces . No tengo ningún plato que no me guste. Recomendable"
358,"Julio Mangas","Local Guide · 467 reseñas · 724 fotos","Hace 4 años","","","Positivo","","Comida deliciosa en todas las elecciones, servicio de auténtico lujo","","Sí","Espectacular restaurante! Me ha encantado todo lo que he probado y el servicio es de lujo. Muy recomendable. Volveré!"
359,"Sergio López","Local Guide · 17 reseñas","Hace 1 año","Cena","60-70 €","Positivo","","Comida espectacular y trato personal increíble","","No","La comida , espectacular y el trato increible. 100% recomendable"
360,"pilar pla","5 reseñas","Hace 1 año","Comida","40-50 €","Positivo","","Comida riquísima y servicio excelente continuo","","Sí","Como siempre, servicio excelente y comida riquísima. Un sitio que no puedes perderte."
361,"David Signoret","Local Guide · 182 reseñas · 490 fotos","Hace 5 años","","","Positivo","Tortilla Betanzos, Copas","Terraza fantástica para copas, platos de calidad con presentación cuidada, tortilla de Betanzos brillante","","No","Genial para tomar una copa en la terraza, y los platos de la carta son de calidad y con una presentación muy cuidada. Me gustó especialmente la tortilla Betanzos."
362,"Hacelo Kumbia","1 reseña","Hace 1 año","Comida","","Positivo","","Gran atención y servicio impecable para grupos grandes","","No","Gran atención y servicio para con todo nuestro grupo. Excelente experiencia!"
363,"carlos Pino Medina","Local Guide · 36 reseñas · 47 fotos","Hace 7 años","","","Positivo","Tapas, Selección de vinos, Postres, Menú del mediodía","Tapas y vinos de referencia en la zona, buen menú de mediodía, servicio rápido y amable","","No","Sus tapas y su selección de vinos son de lo mejor de la zona la gente que trabaja allí son muy amables y enseguida te asesoran servicio rápido y buenos postres también disponen de un menú especial para al mediodía"
364,"Nancy Caminos","2 reseñas","Hace 4 años","","","Positivo","Alcachofa sobre parmentier y rabo de toro, Hamburguesa de angus, Cecina, Financier de harina de almendras","Platos de gran calidad y postres artesanales muy originales","","Sí","Un restaurante para recomendar La Roca, he cenado platos como la alcachofa sobre parmentier y rabo de toro, hamburguesa de angus, cecina exquisita y como broche de oro un postre muy original, el financier..."
365,"María Victoria Martín Morales","Local Guide · 60 reseñas · 3 fotos","Hace 7 años","","","Negativo","Tapas","","Tapas minúsculas (20€ y salida con hambre), camarero saturado y confuso con dos errores de bebidas","No","Muy caro. Los platos/tapas son exageradamente pequeños, al final pagas 20€ por cenar y sales con hambre. El trato regular, me imagino que estarían saturados, pero se equivocó el camarero con las bebidas en 2 ocasiones. No volveré."
366,"Cristina Garcia","Local Guide · 16 reseñas","Hace 5 años","","","Positivo","","Cocina elaborada con producto de primera calidad, servicio atento y dulce","","Sí","Un sitio estupendo, con una carta maravillosa, cocina elaborada con producto de primera calidad. El servicio no puede ser más atento y agradable."
367,"Alvaro Lopez","3 reseñas","Hace 3 meses","Comida","40-50 €","Positivo","","Atención genial y amable de Jessica","","No","Jessica nos atendió genial"
368,"Carlos Cuadrado Salom","7 reseñas · 1 foto","Hace 1 año","","","Positivo","Platos recomendados","Servicio excelente y camareros muy acertados con los platos recomendados","","No","Un servicio excelente, y los camareros muy atentos y muy acertados con las recomendaciones."
369,"Jorge M","Local Guide · 598 reseñas · 847 fotos","Hace 2 años","Comida","40-50 €","Mixto","Entrantes, Patatas fritas en gajo","Entrantes muy ricos y recomendables","Patatas fritas en gajo con sabor a recalentadas / no recién hechas","No","Muy bueno, únicamente las patatas fritas 'en gajo' no parecen muy... no se, no están recién hechas y se nota. Los entrantes muy recomendables."
370,"grace villaverde","Local Guide · 35 reseñas · 1 foto","Hace 2 años","","","Negativo","Pulpo a la brasa","","Platos servidos completamente fríos; pulpo recalentado y durísimo","No","Llegaron todos los platos frios. Lo peor el pulpo, llego muy frio. Luego lo trajeron recalentado y por supuesto duro... Primera y última vez..."
371,"Ignacio Soto","7 reseñas","Hace 1 año","Comida","40-50 €","Positivo","Menú comida de empresa","Atención y comida buenísimas para eventos y comidas de empresa","","Sí","Comida y atencion buenísima. Tuvimos la comida de empresa y nos trataron muy bien. Volveremos"
372,"Raul Gomez Diaz","2 reseñas","Hace 3 años","","","Positivo","","Comida excelente y trato agradable","","No","Maravilloso restaurante. Comida excelente y un trato estupendo! Repetiremos para probar más cosas."
373,"María Vargas-Zúñiga","Local Guide · 20 reseñas · 9 fotos","Hace 6 años","","","Positivo","Croquetas, Hamburguesa","Croquetas riquísimas, hamburguesa increíble, local acogedor y trato amable","","Sí","Fui con unas amigas y comimos fenomenal, las croquetas riquísimas y la hamburguesa increíble. Es un sitio acogedor y el personal súper amable. Nos encantó!"
374,"Iñigo de Ocio","5 reseñas","Hace 2 años","","","Positivo","","Comida espectacular y trato fenomenal de Ney","","No","Comida espectacular y gran servicio. Ney nos trató fenomenal."
375,"Claugoonzagome González Gómez","Local Guide · 18 reseñas","Hace 1 año","Cena","30-40 €","Positivo","","Comida de 10 y servicio impecable de Ney","","No","Nos atendió Ney, y salimos encantados. Servicio impecable, y comida de 10 Repetimos sin duda"
376,"Marta Corral","Local Guide · 52 reseñas · 4 fotos","Hace 7 años","","","Negativo","Platos recomendados","Elaboración técnica aparente","Falta de sabor en boca frente a la promesa sofisticada; maître presionando con sugerencias caras para engordar la factura","No","La cocina no es tan sofisticada como promete... tal vez en la elaboración, no tanto en el sabor. Lo peor del sitio, el trato del maitre que ofrece recomendaciones para hinchar la cuenta sin ningún tipo de vergüenza."
377,"Sara Lubelli","Local Guide · 58 reseñas · 3 fotos","Hace 2 años","Comida","","Positivo","Raciones","Comida riquísima, raciones con cantidades justas y equilibradas, personal muy atento","","No","Comida riquísima y las cantidades son adecuadas por ración. El personal es muy atento y amable. Buenísima elección."
378,"Beatriz Manzano","Local Guide · 283 reseñas · 17 fotos","Hace 4 años","","","Positivo","","Platos de 10 sin fallos; servicio impecable del chico del moño y el señor canoso","","No","Increible. Todos los platos que pedimos estaban de 10, ninguna pega. El servicio del chico del moño y el señor canoso fue impecable. Lo mejor de Pozuelo."
379,"Manuel Sánchez","7 reseñas","Hace 1 año","","","Positivo","","Comida, ambiente y servicio de 10","","No","Sitio excelente en cuanto. Tanto comida como ambiente y servicio de 10."
380,"Juanjo H","Local Guide · 24 reseñas","Hace 11 meses","","","Negativo","","","Servicio desatendido e indolente con cuatro camareros desocupados sin atender sala","No","Una lastima el servicio, no hay n8bun cliente, y 4 camareros que ni atienden... solía venir de vez en cuando, la última vez."
381,"Juan Antonio Torres Leal","6 reseñas · 2 fotos","Hace 8 años","","","Positivo","Huevo a baja temperatura, Mejillones a la brasa, Croquetas","Comida espectacular pidas lo que pidas, entrantes sobresalientes","","No","Un lugar, que merece la pena... La comida está espectacular...da igual lo que pidas...es muy destacable... El huevo a baja temperatura, los mejillones a la brasa, las croquetas..."
382,"Monica Bravo Gonzalez","Local Guide · 101 reseñas · 107 fotos","Hace 8 años","","","Positivo","Tapas de autor, Vino","Tapas de autor ricas y diferentes, buena selección vinícola","Local pequeño con pocas mesas","No","Tapas de autor elaboradas, ricas y diferentes. El local es un poco pequeño que no cuenta con muchas mesas. Es una buena opción para ir a tomar un vino y algunas tapas."
383,"Maria Alvarez de Pablo","4 reseñas","Hace 4 años","","","Positivo","","Presentación y platos cuidados al detalle, ambiente agradable, personal atento","","No","Ambiente muy agradable y la comida espectacular . Platos y presentación cuidadas al detalle. Personal atento. Repetiremos sin duda"
384,"Almudena del Rosal","8 reseñas · 2 fotos","Hace 4 años","","","Positivo","Platos y postres","Comida y servicio calificados con 9-10, atención constante sin tiempos muertos de espera","","Sí","Todos los platos desde los entrantes hasta el postre se podrian valorar con un 9 o 10,la misma pu tuacion le daria al servicio.Además rápidez en el servicio y ,sobre todo, estuvieron todo el tiempo pendientes de nuestra mesa..."
385,"Sil Santi","Local Guide · 32 reseñas · 11 fotos","Hace 3 años","Comida","10-20 €","Positivo","","Todo riquísimo y camareros con trato genial","","No","Fuimos por recomendación y la verdad que valió la pena!.Todo súper rico y el trato de los camareros, genial!!. Seguro volveremos!!. Gracias!!"
386,"Juan José Cascales","5 reseñas","Hace 1 año","Comida","40-50 €","Positivo","","Comida agradable de calidad media-alta","","No","Una comida agradable y de calidad media alta. Seguro que volvemos. Gracias"
387,"Isabel Torrent","Local Guide · 41 reseñas · 1 foto","Hace 7 años","","","Positivo","","Buen ambiente, comida muy rica y servicio atento","","No","Buen ambiente ,muy buena comida y atención . Ya hemos repetido varias veces y volvemos a ir."
388,"Pablo R","Local Guide · 33 reseñas","Hace 5 años","","","Positivo","Bombones de foie","Carta sorprendente y platos deliciosos, bombones de foie excepcionales","","No","Sitio muy agradable y con muy buena comida. Siempre tiene cosas que sorprende. Los bombones de foie una pasada por ejemplo, pero tienen mucho más. Muy recomendable."
389,"Javier Alegre Pazos","Local Guide · 52 reseñas · 1 foto","Hace 7 años","","","Mixto","Tapas, Postres","Tapas muy bien elaboradas y postres deliciosos","Local pequeño; amabilidad del personal mejorable","Sí","Es una pena que no sea más grande el sitio. Las tapas están fenomenal, los platos ricos y los postres sabrosos. Algo para mejorar la amabilidad del personal."
390,"Nino","Local Guide · 74 reseñas · 8 fotos","Hace 2 años","","","Positivo","Tartar de atún","Personal muy amable, tartar de atún increíble","","No","Restaurante súper recomendable. Personal muy amable. La comida increíble, sobretodo el tartar de atún. Repetiremos."
391,"Miguel García Centenera","Local Guide · 14 reseñas","Hace 3 años","Cena","40-50 €","Positivo","","Comida muy buena, cantidades adecuadas, servicio atento en todo momento","","No","Excelente servicio, muy atentos en todo momento. La comida muy buena, y las cantidades apropiadas. Volveremos seguro"
392,"Iñaki Ramírez","Local Guide · 103 reseñas · 22 fotos","Hace 4 años","","","Positivo","Tapas individuales, Platillos para compartir, Plato del día, Postres","Versatilidad de formatos de comida y postres riquísimos, servicio excelente","","Sí","Se come muy bien y el servicio excelente. Opciones de tapas individuales, platillos para compartir, plato del día con opción menú, postres deliciosos..."
393,"gregory hanemian","Local Guide · 68 reseñas · 5 fotos","Hace 3 años","Comida","","Mixto","Hamburguesa con patatas","Hamburguesa correcta","Calidad-precio muy normalita; precio inflado a 18€ por añadir suplemento de patatas","No","Comí allí Muy normalito calidad precio. Una hamburguesa sin más que a lo tonto se te va a 18€ con el extra de patatas…"
394,"Juliana Gualdron","4 reseñas · 1 foto","Hace 1 año","Comida","30-40 €","Positivo","","Comida increíble y atención pedagógica y amable de Ney","","Sí","Ney nos atendió increíble fue muy amable nos explicó todo muy bien. La comida increíble"
395,"ESV","Local Guide · 113 reseñas","Hace 5 años","","","Mixto","","Comida rica y de calidad comprobada","Precio elevado comparado con otros restaurantes tradicionales de la zona","Sí","Comida rica y de calidad pero algo caro! Respondiendo a la persona del restaurante que me contesta: evidentemente si digo que es caro es porque hay otros restaurantes en Pozuelo donde se come igual de bien y son más baratos..."
396,"Almudena Mulas Lumbreras","Local Guide · 276 reseñas · 180 fotos","Hace 3 años","","","Negativo","","Buen producto base y camareros de mesa amables","Raciones escasas, precios muy caros, trato soberbio y maleducado del dueño","No","La comida está rica, buen producto pero escaso y muy caro, relación calidad precio no merece la pena, hay mejores opciones por la zona, el personal que atiende en las mesas muy amable, el único borde es el dueño que es muy mal educado..."
397,"Rodrigo de Salas","5 reseñas","Hace 2 años","Cena","30-40 €","Positivo","","Sabor gastronómico superior, camareros amables y simpáticos (Candela y Manu)","","No","la comida es buenisima, todo tiene un sabor superior, los camareros muy amables y simpaticos, candela y manu"
398,"lourdes de alarcon","Local Guide · 59 reseñas · 5 fotos","Hace 2 años","Comida","20-30 €","Mixto","Fideuá","Comida sabrosa para grupos numerosos","Fideuá excesivamente salada","No","Nos reunimos 10. Fue improvisado, pero resultó muy bien. Todo muy rico, pero la fidegua estaba un poco salada."
399,"Marta López","Local Guide · 125 reseñas · 169 fotos","Hace 7 años","","","Positivo","Arroz meloso con carabineros, Menú","Arroz meloso con carabineros buenísimo, comida muy sabrosa","Local muy pequeño donde cuesta encontrar mesa","Sí","Tomamos el menú. Arroz meloso con carabineros. Buenísimo. Todo lo que pidas está rico. La única pega es que el local es muy pequeño y cuesta encontrar sitio."
400,"Iris López","6 reseñas","Hace 1 año","","","Positivo","","Comida riquísima y atención fantástica de Ney y todo el equipo","","No","Comida riquísima y atención increíble! Gracias a Ney y todo el equipo :)"
401,"Lourdes de Mena","Local Guide · 31 reseñas · 1 foto","Hace 1 año","","","Positivo","","Comida y experiencia general estupenda","Aire acondicionado demasiado fuerte que generaba sensación de frío","No","El aire acondicionado estaba un poco fuerte y hacia frío, por lo demás estuvo genial"
402,"Ana Municio","Local Guide · 13 reseñas · 82 fotos","Hace 7 años","","","Positivo","Tapas de autor","Tapas originales y fabulosas, atención constante y trato excepcional con niños","","Sí","Nos ha encantado! Las tapas son originales y fabulosas pero lo mejor es que han estado pendientes denpsotros toda la cena. Súper atentos y encantadores sobre todo con los niños"
403,"mercedes vazquez","Local Guide · 123 reseñas · 34 fotos","Hace 7 años","","","Positivo","Tartar de atún con trufa y huevo, Kimuchi, Calamares con huevo, Torrija","Platos icónicos y torrija sobresaliente; gestión impecable de Óscar en sala","","Sí","Uno de mis preferidos . De mención el tartar de atún con trufa y huevo , el kimuchi , los calamares con huevo, la torrija de morirse y podría seguir . Por otro lado Oscar gestiona todo de maravilla . Vale la pena ."
404,"Silycla X","Local Guide · 893 reseñas · 552 fotos","Hace 3 años","Cena","20-30 €","Positivo","","Buena relación calidad-precio, personal muy amable","Recomendable reservar por alta demanda","No","Buena relación calidad precio, buenísimo todo lo q comimos. El personal muy amable , recomiendo reservar."
405,"Rodrigo Cast","1 reseña","Hace 8 años","","","Positivo","","Encuentro de sabores único y local cálido y hogareño","","No","Gracias a Maarzu por enseñarme el sitio. Un deleite para el paladar y un encuentro de sabores teñidos bajo el haz de un cálido y hogareño lugar. De lo mejorcito que jamás he probado."
406,"Coke","3 reseñas","Hace 3 años","","","Positivo","","Comida rica y servicio encantador con camarero de acento argentino muy atento","","No","Nos atendio un camarero muy majo y atento, no recuerdo su nombre pero parecia tener acento argentino. Comida rica y servicio encantador. Volveremos a ir."
407,"Manuel Fernandez","Local Guide · 27 reseñas","Hace 7 años","","","Positivo","Platos y tapas variadas","Ambiente tranquilo, cocina variada y económica, atención de barra volcada en los detalles","","Sí","Un lugar tranquilo para cenar, economico con una cocina variada y excelente, el trato de las personas encargadas del restaurante muy bueno, sobre todo el que esta al cargo de la barra , atento a los pequeños detalles..."
408,"Benito perez pazos","Local Guide · 33 reseñas","Hace 2 años","","","Positivo","","Trato espectacular, comida excelente y a precio justo, servicio de 10 por parte de Ney","","No","Siempre que podemos venimos a visitar la roca , llevo años viniendo y el trato es espectacular, la comida excelente , y en precio , NEY tiene una atención de 10 , en definitiva 5 estrellas más que merecidas …"
409,"Irene Cb","10 reseñas · 2 fotos","Hace 3 años","Comida","30-40 €","Positivo","Platos para compartir","Materia prima de calidad y gran técnica en cocina, ideal para compartir","","No","Apuesta segura para comer bien. Calidad en la materia prima y buena mano en la cocina. Ideal para compartir y probar muchas cosas."
410,"Alvaro Garcia De Robles","Local Guide · 23 reseñas · 2 fotos","Hace 1 año","","","Positivo","","Servicio súper rápido y amable, comida fantástica","","No","Nos encantó la roca. Super recomendable. El servicio super rápido y amables. Repetiremos sin duda !"
411,"Paola Manassi","3 reseñas","Hace 2 años","","","Positivo","","Lugar divino, servicio súper amable y comida deliciosa","","No","Divino el lugar, la atención súper amable y la comida realmente deliciosa! Un sitio para repetir seguro"
412,"Jose Ramon Garcia","Local Guide · 80 reseñas · 8 fotos","Hace 5 años","","","Positivo","Carne madurada a la parrilla","Terraza muy agradable, carta moderna de mercado, carne madurada a la brasa sobresaliente","","No","Muy recomendable, en una terraza agradabilisima, con una carta moderna, con productos de mercado, destaca la carne madurada a la parrilla. Sin duda repetiré"
413,"Pablo Fuertes de Gilbert","6 reseñas","Hace 2 años","","","Positivo","Gin tonics","Comida espectacular y bien servida, gin tonics sensacionales, profesionalidad de Ney","","No","Un Equipazo de profesionales preocupadas por el cliente, una comida espectacular y bien servida, unos gin tonics sensacionales y Ney un crack!! El mejor sitio de Pozuelo!!"
414,"Álvaro","7 reseñas","Hace 4 años","","","Positivo","Platos de carta","Platos increíblemente buenos, atención inmejorable para ocasiones especiales","","Sí","Un sitio para volver y repetir! Platos increiblemente buenos y una atencion inmejorable. Totalmemte recomendado si quieres convertir cualquier cena en algo especial. ;)"
415,"Julián G","Local Guide · 57 reseñas · 33 fotos","Hace 1 año","Cena","40-50 €","Positivo","","Comida tremendamente buena","Precio algo elevado","No","Muy rica la comida. Un poco caro, pero estaba todo tremendamente bueno"
416,"Mar Z","9 reseñas · 8 fotos","Hace 1 año","","","Positivo","","Excelente comida y servicio muy atento por parte de Ney","","No","Muchas gracias Ney por la gran experiencia! Excelente comida y muy buen servicio"
417,"Carmen Hernandez","8 reseñas · 2 fotos","Hace 4 años","","","Positivo","","Comida de calidad y bien elaborada, atención exquisita","","No","Un lugar excelente para comer, todo está muy bueno, bien elaborado y de calidad.La atención exquisita, mis felicitaciones para todo el personal."
418,"Mónica","13 reseñas","Hace 3 años","Comida","50-60 €","Positivo","","Restaurante de referencia con sabores especiales y materia prima de calidad","","No","La Roca es un descubrimiento. Un sitio súper agradable. Muy buen servicio. Y lo mejor: la comida. Muy rica. Sabores muy especiales. Elaborados. Materia prima de calidad. Un restaurante de referente en Pozuelo"
419,"Estefanía Palacios","Local Guide · 89 reseñas · 2 fotos","Hace 3 años","","","Positivo","Platos recomendados","Asesoramiento perfecto y en su justa medida por parte de Ney, comedor acogedor","","No","Comida maravillosa gracias a la atención del equipo ,en especial a Ney que te asesora muy bien y en su justa medida para que tu experiencia sea única .sin duda diferente y recomendable, salón acogedor ."
420,"ROCIO MARTINEZ","4 reseñas","Hace 5 años","","","Positivo","Platos de autor","Elaboraciones exquisitas y originales, personal muy amable","","Sí","Muy recomendable . Todo riquísimo con unas elaboraciones exquisitas y originales, si además le sumas un servicio muy amable: Repetiremos seguro!"
421,"MAISON de QUALITÉ Agence Immobilière","13 reseñas · 1 foto","Hace 4 años","","","Positivo","","Calidad culinaria y servicio de alto standing","","Sí","La Cálida y el servicio van unidos. El disfrutar comiendo no tiene precio pero si además el trato es maravilloso, hay que resaltarlo. Muy recomendable. Por supuesto.que volveremos."
422,"Jose Angel Aciron","Local Guide · 52 reseñas · 12 fotos","Hace 1 año","","","Positivo","","Sitio predilecto para familias, buen ambiente y trato impecable","","No","El sitio favorito mío y de mi familia en la zona. Buen trato, buena comida y buen ambiente"
423,"Antonio Rueda","2 reseñas","Hace 4 años","Cena","30-40 €","Positivo","Tapitas para compartir","Tapitas para compartir riquísimas y buen trato de sala","","No","Muy buenas tapitas para compartir. Todo buenísimo y buen trato. No me ha defraudado la recomendación de mi mujer. La próxima en Boadilla. Vamosss."
424,"Tomas Calvo","Local Guide · 150 reseñas · 46 fotos","Hace 3 años","","","Positivo","","Comida y atención excelentes","Precio algo elevado (mínimo 30€/pax sin vino)","Sí","Excelente comida y atención. Es algo elevado de precio (al menos 30€ por persona sin vino) pero merece la pena"
425,"Carmen Gonzalez","Local Guide · 23 reseñas · 17 fotos","Hace 5 años","","","Positivo","","Platos ricos y bien presentados, amabilidad de los camareros y del propietario","","No","Camareros agradables y atentos, así como su propietario. Los platos bien presentados y muy ricos. Un lugar recomendable"
426,"IRATXE BEDATE PEREDA","4 reseñas · 1 foto","Hace 3 años","Comida","20-30 €","Positivo","","Comida muy buena y personal encantador","","No","La comida está muy buena y el personal es encantador. Se recomienda 100%"
427,"Catalina Bunge","2 reseñas","Hace 4 años","","","Positivo","","Comida deliciosa, atención cordial y excelente trato de Ney","","No","Comida riquísima, trato cordial y profesional siempre, en resumen, un lugar excelente y 100% recomendable. Pregunten por Ney y pasarán la mejor noche"
428,"Yolanda García","Local Guide · 45 reseñas · 26 fotos","Hace 2 años","Cena","30-40 €","Negativo","","Personal amable","Comida muy escasa, calidad justita y precios desorbitados","No","Comida muy escasa, con calidad justa y precio desorbitado. No repito. El personal amable sin más."
429,"ROSA BLANCO","10 reseñas","Hace 4 años","Comida","20-30 €","Positivo","","Cocina moderna muy rica con excelente presentación, camareros profesionales","","No","Exquisito, cocina moderna muy rica con una presentación estupenda. Los camareros muy profesionales y pendientes de todo."
430,"Alejandro Rogado de Quevedo","6 reseñas","Hace 4 años","","","Positivo","","Comida muy rica, servicio atento y rápido","","Sí","Espectacular. Comida muy rica, servicio increíble, atentos y rápidos. Muy bien"
431,"Luchin around the world","Local Guide · 48 reseñas · 25 fotos","Hace 2 años","","","Positivo","","Gran descubrimiento y referente en la zona","","No","Muy buena referencia. La verdad que un gran descubrimiento"
432,"Patricia Muñoz","1 reseña · 3 fotos","Hace 9 años","","","Positivo","Platos fríos y calientes, Sugerencias de cocina","Variedad de opciones y sugerencias, estupenda terraza de verano para picoteo","","No","La Roca, en Madrid, no defrauda, estupendo sitio para ir de tapas y/o cenar. Platos fríos y calientes además de carta y segerencias. Y en verano con terraza. 100% recomendable"
433,"Jorge Guillermo Bonicalzi Ruiz","Local Guide · 453 reseñas","Hace 6 años","","","Positivo","Platos familiares","Carta variada y sabrosa, atención excelente, apto para acudir con niños","","No","Muy rico todo. Excelente atención. Carta variada y sabrosa. Hasta los niños lo pasan bien."
434,"Dr. Rodolfo Aburto","5 reseñas","Hace 4 años","Cena","","Positivo","","Muy buen servicio, comida excelente y personal atento","","No","Muy buen servicio y la comida excelente. El personal es atento. Recomendable 100%"
435,"Daniel Yuste","4 reseñas · 1 foto","Hace 1 año","Cena","30-40 €","Positivo","","Comida muy interesante, local agradable y servicio excelente","","Sí","Lugar muy agradable, con un servicio excelente y una comida muy interesante. 100% recomendable."
436,"Santiago D.","Local Guide · 38 reseñas · 6 fotos","Hace 2 años","","","Positivo","","Comida increíble y servicio espectacular de 10/10","","No","La comida está increíble, pero es que lo del servicio es espectacular. Experiencia 10/10."
437,"José Luis Palomino Pina","Local Guide · 26 reseñas","Hace 2 años","Cena","40-50 €","Positivo","Raciones de tapeo, Platos de carta","Carta versátil (picoteo o cena formal), buen ritmo de platos y camareros atentos","","No","Un buen sitio para comer hay de todo ..para los que son de comer a base de raciones o los de galería una comida más seria..estuvo todo muy bien no esperamos mucho de un plato a otro y los camareros muy pendientes de todo.Un sitio agradable y que se come bien."
438,"Juan Luis Martín Ortega","2 reseñas","Hace 4 años","Cena","","Positivo","","Comida variada de nivel, muy buen servicio y terraza agradable","","No","Una comida excelente y variada. Muy buen servicio y muy agradable la terraza"
439,"Ainara Muñoz","6 reseñas","Hace 4 años","","","Positivo","","Comida riquísima y trato impecable en visitas recurrentes","","Sí","Hemos ido por segunda vez y todo riquísimo, ademas un trato muy bueno. Ya se ha convertido en un fijo."
440,"nueva plaza s.l.","1 reseña","Hace 1 año","","","Positivo","","Restaurante informal muy agradable con camareros de diez","","No","Restaurante informal super . agradable . Sobre todo un 10 a los camareros"
441,"David Seco","6 reseñas","Hace 1 año","Cena","40-50 €","Positivo","Menú de grupo","Comida espectacular y servicio de sala aún mejor para grupos grandes (12 comensales)","","No","Fuimos 12 personas y volveremos seguro. Comida espectacular y servicio mejor."
442,"Angel","9 reseñas · 3 fotos","Hace 3 años","Comida","40-50 €","Positivo","","Excelente carta y servicio","Carta tan amplia y atractiva que requiere varias visitas","No","Excelente carta y servicio. Solo falla que es imposible probarlo todo en una visita. Volveremos sin duda."
443,"David AC","Local Guide · 11 reseñas · 2 fotos","Hace 4 años","","","Positivo","","Comida muy sabrosa y atención inmejorable de 10","","No","Muy recomendable, muy rico todo!! Y a destacar el trato y la atención, de 10!! Enhorabuena por el personal, inmejorable."
444,"Rocio Sequeira Suardiaz","Local Guide · 61 reseñas","Hace 8 años","","","Positivo","Tapas delicatessen","Carta muy amplia, tapas delicatessen de autor y buen ambiente","","No","Sitio de tapas delicatessen. Lleva poco tiempo abierto y es todo un éxito en Pozuelo. El ambiente es muy bueno. La carta es muy amplia."
445,"Gabriela Salcedo","1 reseña","Hace 1 año","Cena","30-40 €","Positivo","","Comida deliciosa, local acogedor y asesoramiento inigualable de Ney","","Sí","El lugar es muy agradable; la comida deliciosa; la atención y la asesoría de Ney, inigualable."
446,"David M.","Local Guide · 143 reseñas · 16 fotos","Hace 3 años","","","Positivo","","Buen producto y buena técnica en cocina, servicio atento","Cantidades algo escuetas","No","A la tercera fue la vencida. Servicio atento. En cuanto a la comida, buen producto y bien elaborado. Las cantidades quizás un poco escuetas."
447,"Jose Campuzano","10 reseñas · 2 fotos","Hace 1 año","Cena","30-40 €","Positivo","Comida de mercado","Muy buena cocina de mercado y trato de sala excelente","","Sí","Fantástica experiencia. Muy buena comida de mercado y excelente trato"
448,"le maitre Asistencia al Evento","Local Guide · 26 reseñas · 1 foto","Hace 1 año","","","Mixto","Agua del grifo","Propuesta gastronómica divertida y ejecución impecable","Cobro abusivo de 3€ por servir agua del grifo","No","Una propuesta muy divertida y perfectamente ejecutada. Un pero: cobrar 3 € por agua de grifo"
449,"Cesar Zapata","3 reseñas","Hace 1 año","","1-10 €","Positivo","","Comida deliciosa, sitio agradable y atención excelente","","No","Un sitio muy agradable, exelente atención y se come muy delicioso.. 😜"
450,"Elena Requena","Local Guide · 88 reseñas · 24 fotos","Hace 4 años","Comida","","Positivo","Ensaladilla, Croquetas, Tortilla de Betanzos, Chipirones","Revisión moderna y sabrosa de platos clásicos de taberna","","Sí","Sitio clásico con una vuelta a platos tradicionales. Todo muy rico. Pedimos ensaladilla, croquetas, tortilla de Betanzos y los chipirones."
451,"Fernando R.","Local Guide · 17 reseñas","Hace 2 años","","20-30 €","Positivo","Tapas de autor","Excelente lugar para picoteo o cenas informales","","No","Buen sitio para cenar o tomar unas tapas, recomendable en todos los aspectos."
452,"Luciano Dopico","Local Guide · 60 reseñas · 68 fotos","Hace 1 año","Comida","","Positivo","Tartar de atún","Comida muy sabrosa, personal muy amable, tartar de atún excelente","","No","Personal muy amable y comida muy buena. El tartar de atún está buenísimo"
453,"Ignacio Muniz","1 reseña","Hace 1 año","Cena","","Positivo","","Atención, comida y servicio excelentes para repetir mil veces","","No","Excelente servicio, atención y comida. Para volver mil veces!"
454,"Kenrick Roudette","3 reseñas","Hace 4 años","","","Negativo","","Servicio amable","Precios excesivos para la calidad de producto ofrecida; experiencia por debajo de lo esperado","Sí","Precios excesivos para el producto que ofrece. Servicio amable pero esperaba más de este restaurante. No repetiremos."
455,"Eduardo Alvarez","Local Guide · 26 reseñas · 3 fotos","Hace 2 años","","","Positivo","","Comida de gran nivel, trato y atención insuperable de Ney","","No","Sitio de muy buen comer. La atención de Ney insuperable. Recomiendo 100%. Volveremos"
456,"Esther MB","Local Guide · 160 reseñas · 90 fotos","Hace 4 años","","","Negativo","","","Pérdida de la calidad original en la comida y relación calidad-precio desorbitada","Sí","Había estado en otra ocasión y me gustó bastante pero está última vez no, me he llevado una gran decepción, la comida parecía otra, no me gustó. Calidad/precio desorbitados 😞"
457,"Moises Pecos","Local Guide · 23 reseñas","Hace 4 años","","","Positivo","Tapas de cocina","Cocina muy bien elaborada y sabrosa","Tapas un poquitín pequeñas","No","La comida muy buena, un poquitin pequeñas las tapas pero muy bien cocinada, sin duda repetiremos"
458,"Sofia de cospedal","Local Guide · 52 reseñas · 47 fotos","Hace 5 años","","","Positivo","Cocina de mercado innovadora","Cocina de mercado exquisita con toques modernos, servicio inmejorable","","No","Cocina de mercado con toques innovadores .La comida es exquisita y el servicio inmejorable!! Nunca decepciona este lugar!! Recomendación siempre que vengas a Pozuelo/Aravaca!"
459,"Alberto Heras","Local Guide · 125 reseñas · 60 fotos","Hace 3 años","","","Positivo","Tapas y platos elaborados","Tapas originales, elaboradas, buen ambiente y gran trato","","No","Muy buen sitio para cenar tapas o platos originales y muy elaborados. Buen ambiente y buen trato"
460,"Ines Martinez","7 reseñas","Hace 3 años","","","Positivo","","Comida muy sabrosa, camareros amables y muy atentos","","No","Servicio muy bueno, los camareros muy amables y muy atentos de todo. Todo lo que hemos pedido estaba muy rico"
461,"Pablo Gonzalez","10 reseñas · 1 foto","Hace 4 años","Cena","30-40 €","Positivo","Ravioli de rabo de toro, Tapas de autor","Tapas originales y ricas; ravioli de rabo simplemente espectacular","","No","Me ha sorprendido y encantado. Las tapas muy originales y sabrosas. El ravioli de rabo simplemente espectacular."
462,"Patty Carrera","1 reseña","Hace 2 meses","","","Positivo","","Atención sobresaliente de Ney, Valentín y Nilmar","","No","Ney, Valentín y Nilmar los mejores!!!"
463,"Elena Estévez Vidal","Local Guide · 38 reseñas · 31 fotos","Hace 4 años","","","Positivo","Platos cocinados","Cocina excelente y buena atención de sala","Raciones algo justas de volumen","Sí","La atención buena y la cocinera muy buena, los platos están muy buenos, aunque las raciones son justitas, merece la pena visitarlo."
464,"Carlos Collado Alonso","Local Guide · 95 reseñas · 81 fotos","Hace 1 año","Cena","20-30 €","Positivo","Tapas de autor","Tapas creativas y sabores increíbles","","No","Todo buenísimo. Tapas muy originales y con un sabor increíble. Repelería 100%"
465,"Ignacio Salanova Palomar","7 reseñas","Hace 4 años","","","Positivo","Huevos Rossini","Comida buenísima, servicio de diez, huevos Rossini muy recomendados","","No","Siempre un acierto. La comida esta buenísima y muy buen servicio. Recomiendo probar los huevos Rossini"
466,"Jenifer SJ","Local Guide · 13 reseñas","Hace 3 años","","","Positivo","Bocados calientes, Platos para compartir, Postres","Platos para compartir y postres deliciosos, trato simpático del personal","","Sí","Fui a comer y tanto los bocados calientes, como los platos para compartir y los postres estaban deliciosos. Además de la simpatía del personal"
467,"Andrés Fiuza","Local Guide · 100 reseñas","Hace 6 años","","","Positivo","Arroces","Cocina exquisita, arroces excelentes a precios moderados para su calidad","","No","Magnífico. Una cocina muy, muy buena a precios moderados para la calidad de la comida. Excelentes arroces. Lo recomiendo."
468,"david mengual","10 reseñas","Hace 1 año","Comida","60-70 €","Negativo","Tortilla de patatas con torreznos","","Muy caro para la calidad servida; torreznos añadidos a la tortilla de forma descuidada","No","Muy caro para la calidad que ofrecen, la tortilla venía con torreznos que se les han debido caer por casualidad."
469,"Luis R","Local Guide · 183 reseñas · 120 fotos","Hace 6 años","","","Positivo","Tapas y platos de carta","Comida estupenda, buen precio y propuesta sólida","","No","Magnífico lugar para degustar estupenda cocina. Tapas y platos. También buen precio. Muy recomendable."
470,"Leopoldo Werner Benjumea","Local Guide · 128 reseñas · 1.823 fotos","Hace 8 meses","Comida","Más de 100 €","Positivo","","Comida, servicio y ambiente muy buenos; aparcamiento gratuito en domingo","","No","Comida, servicio y ambiente muy buenos. Aparcamiento: El domingo no se paga en la calle"
471,"Enrique V.L.","5 reseñas · 2 fotos","Hace 3 años","Comida","40-50 €","Positivo","","Comida estupenda, bien emplatada, buen ambiente y servicio amable","","No","Comida estupenda, bien preparada y presentada. Buen ambiente y servicio muy amable."
472,"Laura feresin","Local Guide · 232 reseñas · 87 fotos","Hace 8 años","","","Positivo","","Comida rica, precios muy asequibles, camareros simpáticos","Local pequeñito","No","Sitio genial para comer. Es pequeñito y muy asequible. Los camareros muy simpáticos. Recomendado 100%."
473,"Francisco GQuint","Local Guide · 18 reseñas · 20 fotos","Hace 3 años","","","Negativo","Raciones","Calidad aceptable sin sobresalir","Raciones muy pequeñas y precio carísimo","No","Si bien los platos no están mal de calidad, sin ser nada del otro mundo, son pequeñas raciones y carísimo."
474,"Juan Carlos Mateos Jiménez","3 reseñas","Hace 5 años","","","Positivo","Materia prima","Materia prima espectacular, cocina original y sorprendente, equipo de Óscar de 10","","Sí","Hoy hemos celebrado un cumple en la roca!!.. cómo siempre el equipo de Oscar ... de 10... la comida ... siempre sorprendente ... original... la materia prima espectacular y el ambiente... como en casa!!... Gracias Oscar!!"
475,"Débora Prada Gracia","Local Guide · 53 reseñas","Hace 4 años","","","Positivo","Alcachofas, Bocata de panceta, Tarta árabe","Carta muy completa, atención cuidada, alcachofas y tarta árabe sobresalientes","","No","Todo muy rico, carta muy completa y muy buena atención. Las alcachofas, el bocata de panceta y la tarta árabe muy recomendable!"
476,"Rafael Gomez Perezagua","Local Guide · 131 reseñas · 14 fotos","Hace 5 años","","","Mixto","Menú del día, Platos de carta","Menú del día correcto, platos sabrosos y originales","Personal agradable pero escaso en número; precios algo elevados","No","Menu del día adecuada. Platos de carta originales y sabrosos. Servicio agradable (y escaso). Precios algo altos"
477,"José Garrido","5 reseñas","Hace 1 año","Comida","30-40 €","Positivo","","Comida espectacular y servicio impecable","","No","Solo puedo decir ESPECTACULAR. Todo riquísimo y servicio impecable. Para volver"
478,"Laura Benedicto","12 reseñas","Hace 4 años","","","Positivo","","Comida espectacular y servicio inmejorable","","No","La comida espectacular, pero del servicio solo puedo decir que in-mejorable. Desde luego que volveremos."
479,"Montserrat Gonzalez","3 reseñas","Hace 1 año","","","Positivo","","Comida buenísima y personal encantador","","No","La comida buenísima y el personal encantador.Repetiremos"
480,"Mayte Yague Lopez","Local Guide · 29 reseñas","Hace 2 años","Comida","50-60 €","Positivo","","Comida muy sabrosa y buen servicio","Tiempo de espera prolongado entre primeros y segundos platos","No","La comida muy rica, el servicio muy bueno La única pega es el tiempo de espera entre los primeros y los seguros platos"
481,"juan barquillo","11 reseñas","Hace 4 años","","","Positivo","Hamburguesa, Postres","Hamburguesa muy sabrosa, postres riquísimos, experiencia genial","","Sí","Un buen sitio, la hamburguesa muy rica al igual que los postres. Todo genial. Muy recomendable!"
482,"Gema Jimenez","3 reseñas","Hace 3 años","Cena","30-40 €","Positivo","","Comida muy buena y atención excelente y cercana de Alejandro","","Sí","Comida muy buena y un trato excelente del personal, especialmente de Alejandro. Un restaurante de 10 (Soy Víctor)"
483,"Patricia Moraleda","4 reseñas","Hace 4 años","","","Positivo","","Comida espectacular y camareros 'top' (trato como en casa por parte de Ney)","","No","Comida espectacular y camareros top,en especial Ney que nos ha tratado como si estuvieramos en casa!volveremos!!"
484,"Fernando González-Gómez","Local Guide · 32 reseñas · 7 fotos","Hace 1 año","Comida","50-60 €","Mixto","","Buen producto y técnica culinaria correcta","Precio un poco excesivo","No","Buen producto y bien cocinado, pero un poco excesivo el precio"
485,"Patricia Hernando Muñoz","1 reseña","Hace 2 meses","Cena","40-50 €","Positivo","","Servicio y atención inmejorables de Nilmar, Ney y Valentín","","No","Nilmar, Ney y Valentín la pera!!!"
486,"J.P B","Local Guide · 48 reseñas · 14 fotos","Hace 4 años","Comida","40-50 €","Positivo","","Comida pintoresca y exquisita, equipo profesional y encantador","","No","Un regalo para las papilas gustativas. Acogedor y pintoresco, el personal es una maravilla, encantadores y muy profesionales. Es difícil cansarse de ir."
487,"Noemi Vidal","10 reseñas · 9 fotos","Hace 4 años","","","Positivo","Vinos seleccionados","Atención excepcional, comida sabrosa y excelente carta de vinos","","No","La atención excepcional, la comida muy buena. Y sobre todo un buen vino. Totalmente recomendable"
488,"Inma Lopez","Local Guide · 26 reseñas · 2 fotos","Hace 5 años","","","Positivo","Callos de la casa","Cocina de mercado auténtica, consejos acertados del jefe y callos inmejorables","","Sí","Qué agradable disfrutar de una cocina de mercado riquísima, auténtica y hecha con cariño en la mejor compañía... Excelentes consejos del jefe... los callos inmejorables!!"
489,"James Ruz","Local Guide · 27 reseñas","Hace 4 años","","","Positivo","","Calidad constante en comida y servicio","","No","Espectacular calidad de comida y de atención. Un placer volver cada vez . Continúen así."
490,"Isabel B.A.","Local Guide · 78 reseñas · 4 fotos","Hace 3 años","","","Positivo","","Comida bastante rica","Terraza con algo de ruido ambiental exterior","No","La comida está bastante rica ,aunque he de decir que la terraza tiene un poco de ruido…"
491,"Marcela Higgins","2 reseñas","Hace 1 año","","","Positivo","","Comida de calidad y atención excepcional","","No","Buena calidad de comida y una atención excepcional."
492,"Teresa Olleros Martos","5 reseñas","Hace 4 años","","","Positivo","Hamburguesa, Bocata de panceta chasu","Calidad y trato inmejorables, hamburguesa y panceta chasu deliciosas","","No","¡Sitio espectacular! Calidad y trato inmejorable. Recomendable la hamburguesa y el bocata de Panceta Chasu."
493,"BORJA B","Local Guide · 62 reseñas","Hace 5 años","","","Mixto","Raciones","Buena atención y platos bien cocinados","Raciones mínimas y cuenta final muy cara","Sí","Buena atención , está todo bien elaborado , pero las raciones son mínimas y el precio final muy caro. ."
494,"Coto MATAMALA","2 reseñas","Hace 2 años","Cena","30-40 €","Positivo","Gin tonic","Comida sensacional, equipo atento y gin tonics impecables","","No","Equipo estupendo, comida sensacional y un gin tonic impecable!! El mejor sitio de todo Pozuelo!!"
495,"Rocio Mercado","4 reseñas","Hace 4 años","Comida","","Positivo","","Servicio impecable y cocina deliciosa","","No","Muy buen servicio y cocina, salimos encantados, sin duda repetiremos."
496,"Paola San Martín Murillo","Local Guide · 58 reseñas · 4 fotos","Hace 4 años","","","Positivo","Platos de autor","Comida original y riquísima, perfecta para celebraciones especiales","","Sí","Un sitio espectacular, la comida está riquísima y original, un buen sitio para una ocasión especial."
497,"Paloma Cobo Bosqued","10 reseñas · 1 foto","Hace 3 años","Cena","30-40 €","Positivo","","Camareros súper amables y rápidos, comida riquísima","","Sí","Todo fenomenal!! Todos los camareros son super amables, son rápidos y todo riquisisisimo! Repetiremos sin duda!"
498,"Miriam Granado Peinado","Local Guide · 38 reseñas · 4 fotos","Hace 4 años","","","Positivo","","Comida exquisita, personal de sala pendiente de cada detalle","","No","Personal y servicio de calidad, comida riquísima. Los camareros atentos a cada detalle. El mejor restaurante de Pozuelo."
499,"Marta Gutiérrez","Local Guide · 432 reseñas · 438 fotos","Hace 4 años","Cena","","Positivo","","Atención estupenda y ambiente agradable","Recomendaciones poco precisas (afirman que 'todo está bueno' sin concretar)","No","Estupenda la atención, el sitio y el ambiente..no le doy todas las estrellas porque a mí personalmente cuando pido que me recomienden y me dicen que todo está bueno me molesta. Pero repetiré"
500,"Juan Martin Bertolotti","3 reseñas","Hace 1 año","","","Positivo","","Comida buenísima y personal súper atento","","Sí","Buenisima la comida y super atentos a todo! SUPER RECOMENDABLE!"
501,"Carmen Gestal del Rio","3 reseñas","Hace 10 meses","","","Positivo","","Comida muy sabrosa y muy buen servicio de mesa","","No","Muy rico todo y muy buen servicio"
502,"Carlos","2 reseñas","Hace 3 años","Comida","50-60 €","Positivo","","Comida súper buena y servicio inmejorable","","No","La comida super buena , y el trato inmejorable . Volveremos seguro !!! Nos ha encantado ."
503,"Andres Prieto","Local Guide · 96 reseñas","Hace 2 años","Cena","40-50 €","Negativo","","","Experiencia totalmente decepcionante tanto en servicio como en calidad de comida","No","Estuve el viernes cenando y la verdad que una gran decepción, ni la comida ni el servicio merecen la pena."
504,"Pepe Roncero Puente","7 reseñas","Hace 1 año","Comida","30-40 €","Positivo","","Comida estupenda, sitio muy agradable, aparcamiento sin problemas","","No","Es un sitio muy agradable en todos los sentidos y se come estupendamente Aparcamiento: Sin problema"
505,"Laura Arroyo","Local Guide · 27 reseñas · 19 fotos","Hace 3 años","","","Positivo","","Comida espectacular y camareros majísimos","","No","Espectacular la comida y la atención lo mejor. Son tan majos que casi no echamos de menos a Oscar."
506,"Patricia Molinero","6 reseñas · 2 fotos","Hace 4 años","","","Positivo","","Comida riquísima, trato de sala excelente y buen ambiente","","No","Sin lugar a dudas recomendable 100% riquisimo todo, trato y ambiente excelente. Volveremos!!!!"
507,"Maria Fdez. Mohedas","65 reseñas","Hace 2 años","Comida","","Positivo","Ensalada con ventresca, Alcachofas","Atención inigualable, ensalada con ventresca y alcachofas excelentes","","No","Atención inigualable. Nos gustó mucho la ensalada con ventresca y las alcachofas."
508,"Estudio31","1 reseña","Hace 1 año","Cena","30-40 €","Positivo","","Todo muy rico y muy buen trato de sala","","Sí","Muy buena experiencia, todo muy rico y el trato muy bueno."
509,"Ana Santos","Local Guide · 43 reseñas · 6 fotos","Hace 4 años","Comida","10-20 €","Positivo","","Comida buenísima, personal súper simpático y precio asequible","","No","Todo buenísimo y personal súper simpático. Buen sitio para comer en Pozuelo!"
510,"Javier Monteverde","Local Guide · 16 reseñas · 3 fotos","Hace 4 años","","","Positivo","","Trato estupendo, comida rica y precio adecuado","","No","Estupendo trato. Comida muy rica y precio adecuado. Muy recomendable"
511,"Danilo padilla justiniano","5 reseñas","Hace 1 año","Comida","","Positivo","","Servicio y comida de 10","","No","Me encanta este restaurante, el servicio y la comida de 10 😊"
512,"yazmina calderón blanco","12 reseñas","Hace 3 años","","","Positivo","Bocaditos de autor","Cocina mágica y exquisita, trato súper profesional de Ney","","No","Restaurante distinto ,con cositas exquisitas y con un aroma de sabor a magia ,atendidos por Ney un gran profesional.muchas gracias!!!"
513,"PILAR AYLLON","3 reseñas · 4 fotos","Hace 4 años","","","Positivo","","Comida excelente y trato de sala espectacular","","Sí","Es un sitio para repetir sin esperar que pase mucho tiempo. La comida excelente y el trato espectacular!!!"
514,"Augusto Bedate","5 reseñas · 7 fotos","Hace 5 años","","","Positivo","Platos de carta","Producto de calidad, carta variada y terraza adaptada para niños","","Sí","Calidad, producto y buen trato. Mucha variedad de opciones en carta y terraza niños friendly..."
515,"IGNACIO CHARLEN DIEZ","2 reseñas","Hace 1 año","","","Positivo","Platos de carta","Platos ricos y terraza agradable","","No","Terraza agradable y platos ricos. Volveré si tengo ocasión"
516,"Patri Casas","6 reseñas","Hace 11 meses","","","Positivo","","Todo muy bien en comida y atención","","No","Todo muy bien! Recomendsdo en la zona de avenida de Europa:)"
517,"Barrutia Pablo","Local Guide · 19 reseñas · 2 fotos","Hace 1 año","Comida","30-40 €","Positivo","","Comida fantástica y servicio inmejorable","","No","Comida fantástica Y servicio inmejorable Muchas gracias por todo"
518,"Koldo Mardones","Local Guide · 12 reseñas · 29 fotos","Hace 5 años","","","Positivo","Platos para compartir","Cocina informal excelente por parte de Alberto y gran servicio de sala de Óscar","","No","Un buen restaurante para comer muy bien, informal y compartir platos, tanto este de pozuelo como el de miranda de Ebro lo hacen muy bien Alberto en cocina como Oscar en sala"
519,"Julio Rodriguez","Local Guide · 26 reseñas · 1 foto","Hace 7 años","","","Positivo","Platos elaborados","Platos muy bien elaborados y trato excelente","","No","Fantásticos platos muy bien elaborados, trato excelente. Muy recomendable"
520,"A. Rincón","Local Guide · 112 reseñas · 204 fotos","Hace 4 años","","","Mixto","Platos complejos","Personal amable y atento","Algunas elaboraciones resultan excesivamente complejas","Sí","Bien en general, aunque algunos platos son excesivamente complicados, trato amable y cuidado del personal."
521,"Nuria","Local Guide · 19 reseñas · 1 foto","Hace 5 años","","","Positivo","Foie, Calamares a la andaluza con huevo frito","Foie y calamares con huevo impresionantes, servicio estupendo","","Sí","Todo buenísimo, atención estupenda. Destacar el foie y los calamares a la andaluza con huevo frito. Impresionante"
522,"Antonio Fernández Millán","Local Guide · 17 reseñas · 1 foto","Hace 3 años","Comida","","Positivo","","Carta variada, platos muy bien cocinados, servicio impecable","","No","Carta variada, buena comida, muy bien preparada. Servicio impecable."
523,"Marco Gálvez","1 reseña","Hace 4 años","","","Positivo","Platos sugeridos","Comida deliciosa, recomendaciones acertadas y personal amabilísimo","","No","Muy rica la comida. Estupendas las recomendaciones. Y muy, muy amables el personal. Siempre muy bien."
524,"Sara y Mattia Rospitos","7 reseñas","Hace 4 años","","","Mixto","","Local agradable y servicio correcto","Precios algo altos para las cantidades y nivel gastronómico ofrecido","Sí","El sitio no está mal, el servicio es correcto y la comida no está mal. La pega que le veo es que los precios, respecto a las cantidades y a la calidad general, son un poco altos."
525,"Teresa Martínez Vicent","Local Guide · 328 reseñas · 584 fotos","Hace 3 años","","","Positivo","Postres caseros","Servicio exquisito, comida inmejorable, postres caseros y cuidada estética","","No","Servicio exquisito y la comida inmejorable.Los postres son caseros. Muy buena presentación."
526,"Damian Garcia Iglesias","4 reseñas","Hace 1 año","","20-30 €","Positivo","","Comida excelente y servicio impecable","","No","Comida excelente y gran servicio, totalmente recomendable."
527,"Esperanza Vazquez","Local Guide · 46 reseñas · 2 fotos","Hace 3 años","Cena","10-20 €","Positivo","Tortilla de Betanzos, Helados","Tortilla de Betanzos y helados espectaculares","Raciones algo pequeñas","No","La tortilla de Betanzos y los helados son expectaculares. Las raciones algo pequeñas. En general cenamos bien."
528,"Raquel galan","6 reseñas","Hace 8 años","","","Negativo","","","Actitud hostil, soberbia y prepotente del encargado ('el cliente no se sienta donde quiere')", "No","Una gran decepción. 'El cliente no se sienta donde quiere al menos aquí' palabras textuales del jefe. Hostil y arrogante. Demasiados aires de grandeza..."
529,"aranzazu bp","6 reseñas","Hace 3 años","Cena","30-40 €","Positivo","Ravioli de rabo de toro, Tarta árabe","Ravioli de rabo y tarta árabe deliciosos","","No","Todo lo que comimos estupendo, aunque me encantaron el ravioli de rabo de toro y la tarta arabe!"
530,"ana iaccarino","Local Guide · 181 reseñas","Hace 2 años","Cena","30-40 €","Positivo","","Comida excelente y simpatía y buena onda insuperable de los mozos/camareros","","No","Lo mejor de La Roca ademas de la excelente comida es sin duda la buena onda de los mozos. Una atencion con buena intención !"
531,"Oscar Barja","Local Guide · 76 reseñas","Hace 4 años","","","Positivo","Platos innovadores","Innovación culinaria constante y servicio de sala impecable","","Sí","Si quieres ser bien atendido , no lo dudes , La Roca es el restaurante de Pozuelo. Además no paran de innovar platos nuevos. Fantástico 😊"
532,"Niko Munoz Idiarte-Ramos","10 reseñas","Hace 4 años","Comida","30-40 €","Positivo","","Comida riquísima y muy buen servicio","","No","Comida riquísima, muy buen servicio. Recomendable al 100%"
533,"David Gonzalez","Local Guide · 142 reseñas · 728 fotos","Hace 6 años","","","Positivo","","Comida excelente y maître sobresaliente y muy profesional","","Sí","Excelente comida y servicio. Una mención especial para el maítre, es un fuera de serie. Gran profesional."
534,"Enrique Cuesta","Local Guide · 24 reseñas · 5 fotos","Hace 4 años","","","Positivo","","Cocina original, buen género y trato cercano","","No","Muy rico todo. Cocina original con buen producto y mejor trato. Muy recomendable"
535,"Rocio Peinado","Local Guide · 9 reseñas","Hace 4 años","","","Positivo","","Comida y trato espectaculares sin fallos","","Sí","Espectacular, es lo único que puedo decir d este restaurante, tanto la comida como el trato."
536,"Álvaro González","3 reseñas · 1 foto","Hace 2 años","Comida","50-60 €","Positivo","","Servicio y ambiente perfectos","Demora notable en la llegada de la comida","No","La comida tardo bastante en llegar, por todo lo demás perfecto, servicio, ambiente todo"
537,"Jaime R B","Local Guide · 19 reseñas · 3 fotos","Hace 4 años","","","Positivo","","Camareros muy atentos; entorno ideal para acudir en pareja o amigos","","No","Es un sitio idóneo para venir en pareja o con amigos. Los camareros siempre están atentos. Volveremos!"
538,"Acaymo Reyes Rodríguez","Local Guide · 252 reseñas · 114 fotos","Hace 7 años","","","Positivo","Tapas de autor, Vino","Servicio rápido y agradable, tapas deliciosas y buena carta de vinos","","No","Rápido agradable y muy buen servicio. Tapas muy ricas y buen vino. Muy recomendable."
539,"juana rodriguez garcia","Local Guide · 47 reseñas · 338 fotos","Hace 5 años","","","Positivo","","Comida excelente y camareros con muchos detalles hacia el comensal","","Sí","Muy buena atención y detalle con el cliente. En cuanto a la comida, excelente"
540,"Pablo Carrallo","Local Guide · 91 reseñas · 2 fotos","Hace 8 años","","","Positivo","Tapas elaboradas, Arroz con rabo de toro","Tapas originales y arroz con rabo de toro impresionante, local agradable","","No","Un sitio muy agradable y con tapas y raciones elaboradas, diferentes. Impresionante el arroz con rabo de toro."
541,"Carmen Mejías Sanguino","8 reseñas","Hace 1 año","Comida","30-40 €","Positivo","","Comida y servicio excelentes en cada visita","","No","Toda la experiencia maravillosa! Comida y trato excelentes como siempre"
542,"Lucía Molero Rein","6 reseñas","Hace 4 años","","","Positivo","Postres caseros","Comida increíble, postres deliciosos y servicio de primera","","No","Comida increible, todo riquisimo, incluido postres. Servicio excelente"
543,"Aldana Bautista","5 reseñas","Hace 3 años","","","Positivo","","Platos deliciosos, ambiente agradable y gran atención","","No","De paseo por Madrid pude conocer este hermoso lugar, degustar sus delicias disfrutando de su magnífico ambiente y atención!"
544,"Alejandro Aguado","12 reseñas","Hace 4 años","","","Positivo","","Comida de gran calidad y trato excelente","","No","Gran comida y trato excelente. Lo recomiendo encarecidamente."
545,"Daniel Íñiguez Cabrera","1 reseña","Hace 4 años","Comida","40-50 €","Positivo","","Producto de gran calidad, atención profesional y trato muy agradable","","No","Comida de gran calidad y servicio muy atento y muy profesional y agradable."
546,"Aurora A","Local Guide · 48 reseñas · 1 foto","Hace 3 años","Comida","40-50 €","Positivo","Platos elaborados","Materia prima de calidad, platos originales y cocina muy elaborada","","No","Está genial! Platos elaborados , originales y materia prima de calidad. Nos encanta"
547,"Sebastian Araya van der Schraft","Local Guide · 17 reseñas · 1 foto","Hace 2 años","","","Positivo","","Servicio excelente","","No","Excelente servicio"
548,"Raquel","Local Guide · 49 reseñas · 25 fotos","Hace 7 años","","","Positivo","Platos de temporada","Productos de temporada, buenas sugerencias de sala y relación calidad-precio estupenda","","No","Muy buena atención, te recomiendan que probar y siempre con productos de temporada. Relación calidad precio estupenda."
549,"JC RG","Local Guide · 38 reseñas · 44 fotos","Hace 2 años","Cena","40-50 €","Positivo","","Gran atención de los camareros y ambiente muy agradable","","Sí","Muy buen ambiente y gran atención por parte de los camareros"
550,"rebeca blanco","2 reseñas","Hace 4 años","","","Positivo","","Atención exquisita, comida espectacular, nunca defrauda","","Sí","Como siempre … no defrauda … atención exquisita … comida espectacular … nos encanta"
551,"Robert Hill","8 reseñas","Hace 1 año","","","Positivo","","Comida deliciosa al mismo nivel que un servicio exquisito","","No","Comida a la par de un servicio exquisito. Repetiré sin duda"
552,"sara gonzalez encinas","Local Guide · 22 reseñas","Hace 4 años","","","Positivo","","Comida deliciosa y camareros súper majos","Precio caro; terraza menos agradable tras ser cubierta","Sí","La comida deliciosa, los camareros súper majos.ES caro, eso sí. Se agradecía la terraza cuando no estaba cubierta"
553,"Jorge Fernandez-Cid","Local Guide · 49 reseñas · 2 fotos","Hace 4 años","","","Positivo","Platos de temporada","Creatividad continua con novedades y platos nuevos en cada visita","","No","Cada vez que vengo me sorprendo con algún plato nuevo. Totalmente recomendable!"
554,"Isabel Herraez","6 reseñas","Hace 4 años","","","Positivo","","Comida genial y trato excelente","","No","La comida genial y el trato excelente, un sitio para repetir"
555,"Ara Celi","Local Guide · 20 reseñas · 22 fotos","Hace 3 años","","","Positivo","Torreznos fuera de carta","Torreznos fuera de carta de 10, trato encantador de Ney","","No","Absolutamente delicioso todo. Ney es un encanto. Los torreznos fuera de carta son un 10"
556,"Michelle bautista","5 reseñas","Hace 3 años","","30-40 €","Positivo","","Buen ambiente, amabilidad y servicio impecable","","No","Buen ambiente, amabilidad y servicio impecable..... Siempre quw voy a Madrid repito...."
557,"Aurora Jeitani","1 reseña","Hace 2 años","Cena","20-30 €","Positivo","","Comida increíble y servicio inigualable","","No","Sin duda alguna, volveré! La comida increíble, el servicio inigualable 😍 descubrimiento absoluto"
558,"Manuel Seisdedos Santos","4 reseñas","Hace 4 años","","","Positivo","Platos adaptados para alérgenos","Altísimo nivel de cocina y máximo cuidado y protocolo ante alergias alimentarias","","Sí","Altísimo nivel de cocina. Muy buena atención y muy cuidadosos con las alergias. Volveremos seguro!"
559,"Rafa Rodríguez","Local Guide · 75 reseñas · 8 fotos","Hace 5 años","","","Positivo","Platos de autor","Comida elaborada y rica","Precio algo elevado","No","Buen sitio. Comida elaborada y rica. Quizá el precio es alto."
560,"Borja Herran","Local Guide · 89 reseñas · 1 foto","Hace 6 años","","","Positivo","Tapas y platos de carta","Tapas y platos bien elaborados, servicio atento","Nivel de ruido excesivo en el salón","Sí","Buena la comida (tapas y platos bien elaborados)y el servicio atento pero excesivamente ruidoso"
561,"Luis","Local Guide · 62 reseñas · 7 fotos","Hace 6 años","","","Positivo","","Buen producto, buena cocina y camareros muy agradables","Conviene reservar por alta ocupación","No","Buen producto y buena cocina. La atención es muy buena también, son muy agradables. Conviene reservar."
562,"Paloma PF","6 reseñas","Hace 4 años","","","Positivo","Fideuá, Hamburguesa, Chipirones","Fideuá, hamburguesa y chipirones impresionantes; trato excepcional","","No","Comida y trato excepcional. Recomendación top. La fideua, hamburguesa y chipiorones impresionantes."
563,"Pilar Garcia Lombardía","Local Guide · 39 reseñas · 3 fotos","Hace 2 años","Otro","1-10 €","Positivo","","Platos riquísimos con calidad excelente constante, buen servicio y buen precio","","No","Platos muy buenos como siempre con buenisima calidad. Muy buen servicio. Buena relacion calidad precio."
564,"JESUS FERNANDEZ","Local Guide · 21 reseñas · 1 foto","Hace 9 años","","","Positivo","Platos gastrobar","Gastrobar increíble, comida de gran nivel y servicio muy bueno","Local que se quedará pequeño por la afluencia","No","Todo un acierto. Gastro bar increible. Servicio muy bueno y comida increible. Se va a quedar pequeño. Disfrutas de la comida."
565,"Barbara Goenaga","2 reseñas","Hace 4 años","Comida","","Positivo","","Comida muy sabrosa y camareros encantadores","","No","Muy, muy rico todo. Excepcional. Los camareros encantadores. Volveremos :)"
566,"Irene Fernández","Local Guide · 188 reseñas · 235 fotos","Hace 6 años","","","Positivo","Tapas modernas","Restaurante moderno con buena elaboración","Tapas no muy grandes y raciones pequeñas","Sí","Restaurante moderno, sirven tapas no muy grandes. No es excesivamente caro pero las raciones son pequeñas."
567,"Aureliano Delgado","Local Guide · 47 reseñas · 2 fotos","Hace 2 años","Comida","40-50 €","Positivo","","Buen producto base y buena cocina","Platos servidos bastante sosos o cortos de sal","No","Buen producto y buena cocina. Si os gusta la sal, llevadla de casa..."
568,"elena morales garcia","Local Guide · 17 reseñas · 7 fotos","Hace 2 años","Comida","70-80 €","Positivo","","El mejor restaurante de Pozuelo, atención maravillosa de Alejandro","","No","Mejor sitio para comer en pozuelo Alejandro maravilloso. Volveremos. 🥰"
569,"raquel","1 reseña","Hace 4 años","","","Positivo","","Muy buen trato y comida excelente","","No","Muy buen trato y comida excelente. Seguiremos repitiendo!"
570,"claudio perez","Local Guide · 28 reseñas · 10 fotos","Hace 3 años","","","Positivo","Ensaladilla con huevo frito y huevas de arenque","Ensaladilla con huevo frito brutal, nunca falla","","No","Nunca falla, un placer repetir en uno de mis sitios favoritos de Pozuelo. La ensaladilla con huevo frito y huevas de arenque es brutal."
571,"Jose Ramón Ibarbia","4 reseñas","Hace 5 años","","","Positivo","","Calidad excelente y servicio muy amable","","Sí","Fenomenal. Calidad excelente. Sevicio muy amable. En fin, una velada encantadora."
572,"Elizabeth Cordoví","4 reseñas","Hace 3 años","Cena","10-20 €","Positivo","","Comida muy buena y atención inmejorable de Ney","","No","La comida estaba muy buena y la atención de Ney inmejorable. Volveremos!"
573,"Félix Pascual","Local Guide · 56 reseñas · 1 foto","Hace 8 años","","","Positivo","Tapas de autor","Platos y tapas espectaculares, servicio impecable","Mesas altas en local pequeño","No","Tapas y platos espectaculares. Y mejor servicio. Mesas altas, pequeñito, como en casa. Elijas lo que elijas aciertas."
574,"debora cf","1 reseña","Hace 8 años","","","Positivo","Hamburguesa, Vinos","Hamburguesa buenísima y excelente selección variada de vinos","","No","La hamburguesa está buenísima y la comida en general. Buena carta de vinos y variados. Recomendable!"
575,"Jorge D.Serrano","Local Guide · 14 reseñas · 40 fotos","Hace 8 meses","","","Negativo","","","Comida ordinaria y raciones escasas para el precio cobrado","No","Comida normal y escasa para el precio."
576,"lole canela","Local Guide · 15 reseñas","Hace 4 años","","","Positivo","Carta amplia de temporada","El mejor restaurante de Pozuelo con relación calidad-precio insuperable","","Sí","El mejor restaurante de Pozuelo. Relación calidad-precio inmejorable. Espectacular"
577,"Carlos Saldana Gonzalez","Local Guide · 98 reseñas","Hace 11 meses","Cena","30-40 €","Negativo","","","Propuesta indiferente y superada por otros locales de la zona","No","Ni fu, ni fa. Los hay mejores en la zona."
578,"Catalina Muñoz","6 reseñas","Hace 3 años","Comida","20-30 €","Positivo","","Calidad excelente y regularidad constante para clientes habituales","","No","Todo excelente. Somos clientes habituales y siempre es un gusto comer aqui."
579,"Amparo muñoz","5 reseñas · 6 fotos","Hace 7 años","","","Negativo","Tapas de autor","Tapas aceptables","Local muy incómodo, precios carísimos y nivel culinario lejos del estándar Michelin","No","Local muy incómodo, carísimo para las elaboraciones que hacen. No están mal las tapas, pero la estrella michelin es otra cosa"
580,"Lol Rubzyzz","1 reseña","Hace 4 años","","","Positivo","","Atención buenísima y comida de diez","","No","Espectacular, la atención buenísima y la comida de 10. Recomendable a todo el mundo"
581,"Angela Avila Carpio","Local Guide · 201 reseñas · 2.207 fotos","Hace 8 años","","","Positivo","Tapas para compartir","Tapas muy ricas y entorno perfecto para compartir con amigos","","No","Un buen lugar para compartir con amigos. Las tapas y la comida en general muy buena. Recomendado!!!"
582,"J. Álvaro JA","Local Guide · 81 reseñas · 7 fotos","Hace 3 años","Cena","40-50 €","Mixto","Platos originales","Platos originales y servicio atento y profesional","Precio medio de 45€ algo excesivo para la cantidad servida","No","Restaurante con platos originales. Servicio atento y profesional precio medio 45€, un poco elevado para lo que comes"
583,"Luis Isasi","3 reseñas","Hace 3 años","Cena","30-40 €","Positivo","","Comida de diez, camareros majísimos y música de fondo muy agradable","","No","Nah, de locos. Comida de 10, camareros majisimos, buen sitio, incluso la musica de fondo muy fina"
584,"L Rasilla","6 reseñas","Hace 7 años","","","Positivo","","Materia prima excelente y trato fantástico de Óscar","","Sí","Muy buen producto y un trato fantástico por parte del personal, en especial de Oscar! Volveremos seguro!"
585,"Feel like a lady By Raquel","Local Guide · 46 reseñas","Hace 4 años","","","Positivo","Financier de postre","Productos de primera, atención exquisita y postre financier delicioso","","No","Trato inmejorable y productos de primera. La atención exquisita. Pd: recomiendo el postre financier 😃"
586,"Paula Sanchez","Local Guide · 54 reseñas · 7 fotos","Hace 3 años","","","Positivo","Platos sugeridos","Excelente calidad, personal muy amable y recomendaciones exquisitas","","No","Excelente calidad! Muy amables y las recomendaciones exquisitas. Vuelta asegurada"
587,"Maca Duran","Local Guide · 36 reseñas","Hace 2 años","","","Positivo","","Trato de sala muy amable y comida sabrosa","Tiempos de espera bastante largos entre plato y plato","No","Quizá pondría como pega lo que tardan entre los platos....bastante tiempo....siendo amables,pero..... Por lo demás, muy bien"
588,"ELENA AVENDAÑO FERNANDEZ","7 reseñas","Hace 2 años","","","Positivo","","Calidad superior, gran presentación de platos y trato excelente","","No","Excelente todo lo que pedimos!! Gran calidad, presentación y trato al cliente!!!"
589,"Mario Homero Maldonado","5 reseñas","Hace 1 mes","Cena","","Positivo","","Gran sitio","","No","Gran sitio!"
590,"José Luis Temiño","10 reseñas · 4 fotos","Hace 4 años","","","Positivo","Berberechos a la brasa","Berberechos a la brasa espectaculares y servicio súper atento y amable","","No","Buenísimo todo!!! El servicio super atento y amable. Y los berberechos a la brasa espectaculares!! Muy recomendable!!"
591,"Natividad","Local Guide · 52 reseñas · 27 fotos","Hace 6 años","","","Positivo","","Comida estupenda y personal amable y respetuoso con protocolos sanitarios","","No","La comida estupenda, el personal amable sin invadir, cumplen todos los protocolos del Cid. Recomendable al 100%"
592,"Tomi Barbaccia","4 reseñas","Hace 2 años","Comida","20-30 €","Positivo","","Servicio impecable de principio a fin, apto para acudir con niños","","No","Espectacular, todo impecable desde que llegas hasta que te vas! Recomiendo! Admisión de niños: si, se aceptan"
593,"Chisca","Local Guide · 215 reseñas","Hace 5 años","","","Positivo","","Cocina y servicio de gran nivel con precios razonables","","Sí","Fenomenal, muy buena cocina, muy buen servicio, con precios razonables"
594,"Nur Herrero Ramos","13 reseñas · 1 foto","Hace 3 años","Comida","30-40 €","Positivo","Tarta de queso","Calidad increíble y tarta de queso totalmente recomendada","","No","Increíble la calidad de los platos. La tarta de queso totalmente recomendable!!"
595,"Andrea Muñoz","3 reseñas","Hace 1 año","Cena","80-90 €","Positivo","","Atención excepcional y trato inigualable de Otman","","No","Ojalá coincidas con Otman! El mejor camarero del mundo!!"
596,"Miguel FPV","15 reseñas","Hace 4 años","","","Positivo","","Comida estupenda y personal muy amable","","Sí","Comida estupenda, personal muy amable, recomendable 100%!!"
597,"Juan Salama","Local Guide · 37 reseñas · 16 fotos","Hace 5 años","","","Positivo","","Producto inmejorable, local muy agradable y servicio excelente","","Sí","Excelente servicio, producto inmejorable y sitio muy agradable, sin duda muy recomendable."
598,"ESTACION MORON","3 reseñas · 6 fotos","Hace 1 año","Comida","","Positivo","","Comida y lugar excelentes, atención de diez","","No","Exelente comida ! Exelente lugar ! Y la atención un 10 !! Muy recomendable 🙌🏻🙌🏻🙌🏻🙌🏻🙌🏻"
599,"Angel Sanchez","Local Guide · 26 reseñas · 43 fotos","Hace 7 años","","","Positivo","Tomate rosado, Salmorejo","Tomate rosa y salmorejo riquísimos, servicio impecable","","Sí","Excelente comida. Tomate rosado y Salmorejo muy ricos. Muy buen servicio."
600,"Jorge H","Local Guide · 18 reseñas · 3 fotos","Hace 2 años","","","Positivo","Ravioli de toro","Comida muy sabrosa y ravioli de toro como plato estrella","","Sí","Está todo muy rico y el ravioli de toro nuestro favorito. Nicolás y Eloy"
601,"Genaro Escudero","Local Guide · 82 reseñas · 363 fotos","Hace 4 años","Cena","30-40 €","Positivo","","Cocina mimada y elaborada con cariño, trato excelente","","No","Una cocina cuidada y con mucho cariño. Un trato excelente. Totalmente recomendando."
602,"Carlota Del Dedo","7 reseñas","Hace 4 años","","","Positivo","","Producto y materia prima de calidad con servicio genial","","No","Buenísimo. servicio genial y todo muy bueno. Buen producto y buena calidad"
603,"Cesar Santos","8 reseñas","Hace 2 años","Comida","","Positivo","","Comida muy rica","Sensación de frío en el comedor durante el almuerzo","No","Esta todo muy rico pero fuimos a comer y hacia frio"
604,"JUAN MARTINEZ","Local Guide · 54 reseñas · 55 fotos","Hace 5 años","","","Positivo","","Comida rica, atención excelente y terraza muy concurrida y agradable","","Sí","Muy rica comida y exelente atención el ambiente es agradable y la terraza muy concurrida"
605,"Juan Miguel Muñoz","Local Guide · 62 reseñas · 17 fotos","Hace 7 años","","","Positivo","","Cocina excelente y estupenda","Local excesivamente pequeño que resulta incómodo","No","Es un lugar con una cocina muy buena, estupenda, pero es demasiado pequeño, a veces resulta incomodo"
606,"Ines Avila","2 reseñas","Hace 3 años","Cena","30-40 €","Positivo","","Comida súper sabrosa y camareros muy agradables","","No","Comida súper rica, y camareros muy agradables. Repetiremos seguro."
607,"Jorge Chaverra","4 reseñas","Hace 1 año","Comida","30-40 €","Positivo","","Excelente atención, amplia variedad y admisión de niños de todas las edades","","No","Tiene una excelente atención y muy buena variedad de comidas Admisión de niños: Si aceptan niños de todas las edades"
608,"Maria Uzquiano Esteban","14 reseñas · 2 fotos","Hace 2 años","Cena","20-30 €","Positivo","","Camareros súper majos y comida muy rica","","Sí","Todo genial, los cameros súper majos y la comida muy rica, volvemos seguro!"
609,"Raquel jimenez cuevas","3 reseñas","Hace 5 años","","","Positivo","","Servicio perfecto y comida espectacular para volver siempre","","No","Perfecto servicio. Todo espectacular. Sitio para volver siempre y recomendar."
610,"Luis Romero","Local Guide · 54 reseñas","Hace 7 años","","","Positivo","Kamichi de marisco","Cocina de calidad y kimuchi de marisco muy recomendado","Platos pequeños que dejan con hambre","No","buena cocina. platos pequeños, sales con más hambre que entras. en general una experiencia interesante. prueba el kamichi de marisco."
611,"mjt miquis","Local Guide · 73 reseñas · 129 fotos","Hace 7 años","","","Positivo","","Calidad muy buena y servicio muy profesional y amable","","Sí","Hemos cenado estupendamente ,la calidad muy buena y el.servicio.muy profesional.y amable."
612,"Mar Tramullas Álvarez","Local Guide · 5 reseñas","Hace 5 años","","","Positivo","","Comida deliciosa, servicio impecable y limpieza excelente","","No","Como siempre, maravilloso!! La comida,el servicio,el sitio,la limpieza,etc...seguiré volviendo muchas veces!!"
613,"Mayte Garcia","Local Guide · 21 reseñas · 7 fotos","Hace 2 años","","10-20 €","Mixto","Raciones","Servicio impecable","Raciones escasas y precios algo elevados","No","La comida un poco cara y escasa las raciones. Servicio impecable"
614,"Juan Carlos Spinola","Local Guide · 20 reseñas","Hace 5 años","","","Positivo","","Gran calidad que justifica el desplazamiento","","Sí","Genial como siempre Mucha calidad, merece la pena venir aunque sea de lejos"
615,"José María Lopez","4 reseñas","Hace 3 años","Cena","90-100 €","Positivo","","Atención fabulosa y comida espectacular","","No","Fabulosa atención y la comida espectacular. Recomendable 100%"
616,"maría cristina simbonnet baró","Local Guide · 73 reseñas","Hace 3 años","","","Positivo","Pulpo a la brasa","Pulpo a la brasa delicioso y atención de sala muy cuidada","","No","LA ROCA POZUELO DE A.M. EL PULPO A LA BRASA ES PLATO DELCIOSO EN MUY BUENA ATENCION.. SABOREAR CONLLEVA DISFRUTAR DE LA COMIDA."
617,"Carmen Irles","Local Guide · 20 reseñas · 12 fotos","Hace 4 años","","","Positivo","Alcachofas","Servicio inmejorable, comida riquísima y alcachofas de 10","","No","De los mejores sitios de Pozuelo. El servicio inmejorable y la comida riquísima. Las alcachofas de 10."
618,"Jorge Contreras","10 reseñas","Hace 3 años","Comida","40-50 €","Positivo","Tapas de picoteo","Formato ideal para comer a base de picoteo con muy buena atención","","No","Perfecto para comer de picar. Muy buena atención por parte del personal."
619,"Isabel Ferreira San Jose","Local Guide · 28 reseñas · 10 fotos","Hace 8 años","","","Negativo","","","Local agobiante, servicio maleducado, platos con olor a caducado y quejas visibles de clientes","No","Agobiante, incómodo, mal servicio sin educación y algún producto con olor a caducado. Dos protestas de clientes mientras cenamos. Para olvidar."
620,"JJ G","Local Guide · 52 reseñas · 1 foto","Hace 7 años","","","Positivo","","Comida increíble y gran trato del servicio de sala","","No","Mejor imposible!. Comida increíble, gran trato del servicio. Muy recomendable."
621,"Kevin Mendoza","Local Guide · 124 reseñas · 61 fotos","Hace 5 meses","Comida","","Positivo","","Restaurante favorito de referencia","","No","Es mi sitio favorito"
622,"LFD","Local Guide · 94 reseñas · 9 fotos","Hace 4 años","","","Positivo","","Cocina cuidada y espectacular con trato cariñoso y cercano","","Sí","perfecto! atención impecable cariñosa y cercana .comida cuidada y espectacular! muy recomendable!"
623,"Pilar Álvarez Bruned","Local Guide · 129 reseñas · 74 fotos","Hace 5 años","","","Mixto","","Comida sabrosa","Precios caros para platos sin elementos realmente reseñables","Sí","Relación calidad precio más bien caro. Todo estaba bueno pero nada reseñable."
624,"Anibal Caceres Hernando","1 reseña","Hace 1 año","Cena","30-40 €","Positivo","","Buena comida, ambiente agradable y servicio eficiente","","Sí","Buena comida, ambiente agradable, y servicio eficiente."
625,"laurent ricard","Local Guide · 81 reseñas · 9 fotos","Hace 5 años","","","Positivo","Raciones","Género y materia prima con calidad espectacular","Raciones no muy grandes","No","Muy buen género. Las raciones no son muy grandes pero la calidad es espectacular"
626,"Irem A.","Local Guide · 62 reseñas","Hace 4 años","","","Mixto","","Comida buena y personal muy simpático","Raciones muy pequeñas y precios caros","Sí","Son muy simpaticos, la comida es buena pero las raciones muy pequeños y caras."
627,"isabel hazas","Local Guide · 13 reseñas · 9 fotos","Hace 1 año","","","Positivo","","Comida muy sabrosa y servicio impecable","","No","Todo muy rico y el servicio impecable"
628,"Maria Elena Velasco Lazaro","Local Guide · 13 reseñas","Hace 1 año","","30-40 €","Positivo","","Comida rica y atención impecable que nunca defrauda","","Sí","Que rico todo y que buena atención Nunca defrauda"
629,"Alberto C","Local Guide · 198 reseñas · 278 fotos","Hace 7 años","","","Positivo","","Comida muy cuidada y deliciosa","Raciones pequeñas (no apto para ir con mucha hambre)","No","Comida muy cuidada y deliciosa. Mejor no ir con demasiada hambre, porque raciones pequeñas"
630,"Rafael Botello","Local Guide · 29 reseñas","Hace 4 años","","","Positivo","Tortilla de Betanzos","Platos que sorprenden y tortilla de Betanzos brillante","","No","Aunque cada plato sorprende por lo rico, volveré una y otra vez por su tortilla de Betanzos."
631,"Ana Maria Flores Asolo","Local Guide · 18 reseñas · 3 fotos","Hace 3 años","","","Positivo","","Ambiente agradable, comida estupenda y camareros muy atentos","","No","Muy agradable. Muy atentos y agradables en el trato, y la comida también estupenda."
632,"Nacho Estévez","2 reseñas · 1 foto","Hace 1 año","Cena","30-40 €","Positivo","","Cena fantástica y experiencia totalmente recomendable","","Sí","Totalmente recomendable, una cena fantástica."
633,"Maurizio Amoruso","Local Guide · 21 reseñas · 12 fotos","Hace 3 años","Comida","40-50 €","Positivo","","Comida muy rica, camareros simpáticos, profesionales y disponibles","","No","Muy rico y camareros muy simpáticos, disponibles y profesionales"
634,"irene serrano","3 reseñas","Hace 4 años","","","Positivo","","Comida muy rica y camareros majísimos","","No","Muy rico todo y los camareros majísimos!! Muy recomendable."
635,"Javi Cuevas","12 reseñas","Hace 2 años","","","Positivo","","Local, atención y comida de nivel excelente","","No","El local, la atención y la comida son muy buenos. Merece la pena visitarlo y comer aquí."
636,"Javier Palomo Amores","5 reseñas · 2 fotos","Hace 4 años","Comida","","Positivo","Sam de gambas","Comida excepcional, sam de gambas imprescindible y trato personal sobresaliente","","No","Comida excepcional, sam de gambas imprescindible, un trato personal sobresaliente."
637,"Alejandro Arias","Local Guide · 32 reseñas · 6 fotos","Hace 7 años","","","Positivo","","Buen producto de mercado, buen servicio, ideal para comidas informales","","Sí","Buen producto de mercado y buen servicio. Buen sitio para una comida o cena informal."
638,"Francisco Javier Perez Aparicio","Local Guide · 42 reseñas · 19 fotos","Hace 7 años","","","Positivo","Torreznos con patatas revolconas","Servicio impecable y torreznos con revolconas imprescindibles","","No","Estupendo y bien servido. Repetiré. No os perdáis los torreznos con patatas revolconas"
639,"Elena Reviriego","1 reseña","Hace 4 años","","","Positivo","","Servicio y comida increíbles, de lo mejor de Pozuelo","","No","El mejor sitio de Pozuelo, increíble el servicio y la comida. Super recomendable!!"
640,"rosa alvarez","Local Guide · 58 reseñas","Hace 4 años","","","Positivo","Empanada criolla","Cena riquísima y empanada criolla insuperable","","No","La cena riquísima!! La empanada criolla mejor que ne mi país!! Lo recomiendo un montón!!"
641,"Gabriel Toscano","Local Guide · 33 reseñas · 205 fotos","Hace 4 años","Cena","20-30 €","Positivo","","Buena comida, atención esmerada y buen ambiente","","No","Buena comida, buena atención (que no es algo tan común) y buen ambiente."
642,"Xan De Vicus","Local Guide · 22 reseñas · 1 foto","Hace 4 años","","","Positivo","","Cocina muy cuidada y presentación estética muy estudiada","","No","Una cocina muy cuidada. La presentación de los platos muy estudiada. Vale muy bien una visita."
643,"Lorenzo sanz","4 reseñas","Hace 3 años","Comida","30-40 €","Positivo","","Servicio perfecto, cantidades equilibradas y precios razonables","","No","Servicio perfecto. Cantidad perfecta por un precio razonable. Todo muy bueno"
644,"Rodrigo Chausa Ramirez","3 reseñas","Hace 1 año","Cena","20-30 €","Positivo","","Todo perfecto en comida y servicio","Sensación de calor en la sala","No","Está todo perfecto pero hace un poco de calor"
645,"Alberto Castellano Duel","Local Guide · 58 reseñas","Hace 1 año","Comida","","Positivo","Chuletón de vaca vieja, Mejillones a la brasa, Mollejas","Chuletón de vaca vieja y mejillones a la brasa espectaculares","","Sí","Chuletón de vaca vieja muy rico y unos mejillones abiertos a la brasa espectaculares..."
646,"CHARO Charota","6 reseñas","Hace 3 años","","","Positivo","","Comida muy buena y atención esmerada de camareros","","No","Muy buena atención por parte de los camareros y comida muy buena"
647,"nuria g","Local Guide · 29 reseñas","Hace 4 años","","","Positivo","","Comida y servicio excelentes en cenas repetidas","","No","Es la segunda vez que ceno en la roca y la comida y el servicio son excelentes! Muy recomendado"
648,"Juan","6 reseñas","Hace 3 años","","","Positivo","","Cena de 10 y servicio muy por encima de la media habitual","","No","Una cena de 10 con una atención por parte del servicio muy por encima de lo habitual. Volveré seguro"
649,"Rosa Rodriguez","Local Guide · 22 reseñas · 5 fotos","Hace 3 años","Cena","30-40 €","Positivo","","Comida impresionante y trato inmejorable","","No","Impresionante lo bueno que esta! No nos cansamos de repetir! Y el trato inmejorable"
650,"Matias Fevre","Local Guide · 55 reseñas · 25 fotos","Hace 3 años","Cena","30-40 €","Positivo","","Comida buenísima y camareros súper atentos","","Sí","Buenísimo todo y el servicio muy atento. Directo a mi lista de favoritos"
651,"Marta Aguado Idiarte","2 reseñas","Hace 4 años","","","Positivo","Hamburguesa","Hamburguesa de diez y servicio impecable","","No","Comida riquísima, hamburguesa de 10 y servicio impecable!!!! Recomendable al 100%"
652,"Ana Garcia de Diego","8 reseñas","Hace 4 años","","","Positivo","","Comida súper rica y atención impecable","","No","La comida súper rica!!! La atención muy buena y la compañía rubia la mejor!!!"
653,"Felipe Lozano Carbonell","Local Guide · 237 reseñas · 769 fotos","Hace 2 años","","","Positivo","","Sitio genial","","No","Sitio genial 👌"
654,"Pablo Domínguez","Local Guide · 26 reseñas · 1 foto","Hace 3 años","","","Positivo","Tapas de autor, Raviolis","Tapas muy ricas y raviolis espectaculares","Precios algo elevados","No","Caro pero muy bueno. Las tapas están muy buenas y los raviolis son espectaculares."
655,"Andrés Zancada","Local Guide · 46 reseñas · 291 fotos","Hace 5 años","","","Positivo","Hamburguesa","Hamburguesa calificada entre las mejores de Madrid","","Sí","De las mejores hamburguesas que he comido en Madrid. Todo muy bueno!"
656,"Ramón Caballero Soto","Local Guide · 100 reseñas · 126 fotos","Hace 6 años","","","Positivo","","Comida muy sabrosa y personal muy atento","Local no muy grande que exige reserva","Sí","Muy bueno pero hay que reservar no es muy grande. Personal muy atento"
657,"neria salcedo","12 reseñas · 2 fotos","Hace 4 años","","","Positivo","Tacos de pulpo","Comida deliciosa, servicio excelente y tacos de pulpo 10/10","","No","Comida deliciosa! Y excelente atención! Los tacos de pulpo 10/10"
658,"Paola Ln","1 reseña","Hace 3 años","","","Positivo","","Muy buena comida y trato estupendo","","No","Muy buena comida y un trato estupendo."
659,"Araceli Senís","Local Guide · 27 reseñas · 6 fotos","Hace 6 años","","","Positivo","Tartar de atún","Comida exquisita, trato inmejorable y tartar de atún sobresaliente","","No","La comida exquisita y el trato inmejorable. El tartar de atún es lo más bueno del mundo."
660,"Portalita Loeda","7 reseñas · 3 fotos","Hace 5 años","","","Positivo","","Comida innovadora y terraza cubierta muy agradable","","No","La comida muy buena e innovadora, y la terraza cubierta es ideal."
661,"Antonio Saenz-Lopez Buñuel","Local Guide · 45 reseñas · 2 fotos","Hace 2 años","","20-30 €","Negativo","Tortilla de Betanzos con patatas chip, Alcachofas, Pluma ibérica","","Tortilla de Betanzos hecha con patatas chip industriales, alcachofas flojas y pluma seca sin grasa","No","Tortilla de Betanzos hecha con patatas chip, alcachofas mejorables y pluma con falta de grasa."
662,"Javier Román Rovira","2 reseñas","Hace 3 años","Cena","40-50 €","Positivo","","Gran producto y excelente trato en sala","","No","Grandísimo descubrimiento al que volveremos muchas veces. Muy buen trato y producto."
663,"Sofia Ruiz","Local Guide · 11 reseñas · 1 foto","Hace 4 años","","","Positivo","","Comida fantástica y servicio excelente","","No","Comida fantástica y un servicio excelente. Repetiremos sin duda!!"
664,"esther fernandez","1 reseña","Hace 6 años","","","Positivo","Carne, Entrantes de autor","Carne espectacular, entrantes extraordinarios y trato muy cordial","","Sí","Carne espectacular y entrantes extraordinarios, trato muy cordial"
665,"Carmen San Julian Salas","Local Guide · 37 reseñas · 4 fotos","Hace 6 años","","","Positivo","","Comida excelente y platos con mucho gusto","","No","Es la primera vez que iba, me han invitado mis hijos y me ha encantado. Mucho gusto!!😉"
666,"Andrea Pinto","Local Guide · 24 reseñas · 1 foto","Hace 6 años","","","Positivo","","Comida riquísima, buen trato y diseño cuidado de los baños","","No","Buen trato y comida riquisima! El diseño del baño precioso"
667,"Lydia Arahana Ramos García","Local Guide · 115 reseñas · 150 fotos","Hace 8 años","","","Positivo","Tapas de alta cocina","Tapas muy finas y buena relación calidad-precio","Precio algo elevado","No","Muy finas las tapas, un poco caro pero la relación calidad precio es buena. Repetiría."
668,"Enriquesalgadocorrea Salgado","Local Guide · 184 reseñas · 862 fotos","Hace 5 años","","","Positivo","","Comida de gran calidad y muy buen servicio","Local de dimensiones reducidas","No","Pequeño local pero la calidad se la comida y el servicio muy bueno."
669,"Duque MD","1 reseña · 1 foto","Hace 2 años","","","Positivo","","Atención y comida estupendas","","No","Atención y comida estupenda ! Sin duda repetiremos"
670,"Carlos Caballero","Local Guide · 8 reseñas · 3 fotos","Hace 4 años","","","Positivo","","Calidad 100% y servicio insuperable","","Sí","Trato y servicio insuperable. Calidad 100%. Volveremos sin duda!"
671,"Carlota Lopez","7 reseñas · 6 fotos","Hace 3 años","Cena","50-60 €","Positivo","","Comida, servicio y decoración del local espectaculares","","No","Espectacular! La comida, el servicio y el local! Repetimos seguro !!"
672,"Amelia PR","Local Guide · 67 reseñas · 54 fotos","Hace 3 años","Comida","60-70 €","Positivo","","Comida súper sabrosa y trato de sala excelente","","No","Comida súper rica y el trato muy muy bueno."
673,"Susana PEÑA LÓPEZ-TERRADAS","2 reseñas","Hace 1 año","","","Positivo","","Servicio y comida excelentes","","No","Servicio y comida excelente. Recomendado 100%."
674,"Sonia DEL OLMO","Local Guide · 40 reseñas · 1 foto","Hace 4 años","Cena","30-40 €","Negativo","Cerveza","","Raciones muy escasas y precios caros (cerveza a 4.20€)","Sí","Muy caro para raciones escasas. 1 cerveza 4.20 €"
675,"Sara C","9 reseñas","Hace 1 año","Comida","20-30 €","Positivo","","Calidad indiscutible y acierto seguro en Pozuelo","","No","Siempre es un acierto total venir a La Roca. De mis sitios favoritos de Pozuelo."
676,"Jose Luis Moreno","Local Guide · 65 reseñas · 12 fotos","Hace 2 años","Comida","30-40 €","Positivo","","Propuesta culinaria acertada y servicio impecable","","No","Muy buena apuesta culinaria. Servicio impecable"
677,"Ana Gutierrez","5 reseñas","Hace 4 años","","","Positivo","","Comida increíble y camareros encantadores","","No","Muy buen restaurante, los camareros encantadores y la comida increíble."
678,"Celia Gonzalez Moreno","Local Guide · 91 reseñas","Hace 5 años","","","Positivo","","Comida deliciosa y excelente trato en comidas de grupo de trabajo","","No","Fui a comer con los compañeros y comida deliciosa y muy buen trato con los clientes."
679,"Ines Rosado","Local Guide · 28 reseñas · 3 fotos","Hace 6 años","","","Positivo","","Comida y trato excelentes","","No","Excelente comida y trato. Totalmente recomendable."
680,"Angel Uceda","Local Guide · 178 reseñas · 671 fotos","Hace 1 año","","","Positivo","","Buen servicio y buena comida","","No","Buen servicio y buena comida. Recomendable"
681,"Javier Perez Trigo","Local Guide · 137 reseñas · 654 fotos","Hace 5 años","","","Positivo","Croquetas, Tapas y raciones","Croquetas espectaculares y gran formato de tapas y raciones","","Sí","Gran sitio de tapas y raciones. Croquetas espectaculares"
682,"Raúl Alvear","Local Guide · 148 reseñas · 34 fotos","Hace 8 años","","","Positivo","Platos innovadores","Cocina deliciosa, diferente y a buen precio","Local pequeño","No","Riquísimo, diferente y a buen precio. Local pequeño."
683,"Santiago Cadahía","3 reseñas","Hace 4 años","Comida","30-40 €","Positivo","","Comida riquísima y trato amable y agradable","","No","Comida riquísima. El servicio muy amable y agradable."
684,"Nicolas NN","Local Guide · 19 reseñas · 13 fotos","Hace 4 años","","","Positivo","","Comida y atención excelentes con ganas de probar toda la carta","","No","Que buena la comida, la atención y todo. Con ganas de volver a probar mas cosas"
685,"Inmaculada Lopez Candela","Local Guide · 29 reseñas","Hace 1 año","","","Positivo","","Comida buenísima de calidad inmejorable","","No","Todo buenísimo y de calidad inmejorable"
686,"Mª Luisa Carranza","Local Guide · 36 reseñas · 1 foto","Hace 8 años","","","Positivo","Croquetas, Chopitos","Croquetas y chopitos fantásticos","","No","Se come fenomenal. Croquetas, chopitos... Todo fantástico"
687,"Elena Yepes","6 reseñas","Hace 4 años","Cena","40-50 €","Positivo","","Comida increíble y servicio genial constante","","No","Siempre se come increíble!! Y el servicio genial :)"
688,"Laurelia","Local Guide · 106 reseñas · 107 fotos","Hace 4 años","","","Positivo","","Cocina de gran nivel y atención excelente","","Sí","Gran descubrimiento. !! Atención excelente!! Cocina muy buena!!"
689,"Maria A secas","Local Guide · 61 reseñas · 45 fotos","Hace 9 años","","","Mixto","Platos de carta","Carta apetecible y con buen sabor","Raciones minúsculas para precios muy caros","No","Carta aceptada con platos con buen sabor... pero raciones minusculas para el precio tan caro."
690,"Oscar Llorca","12 reseñas","Hace 4 años","","","Positivo","","Personal maravilloso y ambiente exclusivo","","Sí","Sitio para repetir. El personal maravilloso. Segunda casa de Carmen Borrego."
691,"Julian Barcelo","Local Guide · 49 reseñas · 51 fotos","Hace 6 años","","","Positivo","Tapas gourmet","Buenas tapas, excelente atención y local agradable","","No","Muy buena atención, buenas tapas y un lugar muy agradable"
692,"Joseph Mier Y Teran","Local Guide · 18 reseñas · 2 fotos","Hace 4 años","","","Positivo","Raciones","Calidad, porciones equilibradas y atención increíble","","No","Excelente opción gastronómica, porciones, calidad y atención increíble...."
693,"Nuria Acero","8 reseñas","Hace 3 años","","","Positivo","","Comida muy rica y camareros muy atentos","","No","Muy bien atendidos y todo muy rico!!,"
694,"EAG EAG","Local Guide · 325 reseñas · 769 fotos","Hace 8 años","","","Positivo","","Comida muy buena","Mesas altas incómodas y escaso espacio en sala","No","La comida, muy bien. El inconveniente, es que, las pocas mesas que tiene, son altas, lo que lo hace algo incòmodo."
695,"German","2 reseñas","Hace 8 años","","","Positivo","","Servicio excelente y producto sublime en la zona de Aravaca","","No","Excelente servicio y un producto sublime. Lo mejor de Aravaca. Enhorabuena !!"
696,"Alvaro De Andres","Local Guide · 198 reseñas · 9 fotos","Hace 4 años","","","Neutral","","Reseña errónea orientada a los accesos y fuentes de la Casa de Campo","Reseña no relacionada con el restaurante","Sí","Una de las puertas de La Casa de Campo más bonitas. Zona de descanso y mapa para situarse y seguir disfrutando. Sólo le falta una fuentecita"
697,"Carlos Vega de Seoane Abarca (cvsa)","Local Guide · 12 reseñas · 4 fotos","Hace 4 años","","","Positivo","Platos de mercado","Comida de mercado deliciosa que siempre sorprende","","Sí","Deliciosa comida de mercado! Venimos mucho y siempre nos sorprendemos!"
698,"Evelyn Andres","7 reseñas","Hace 7 años","","","Positivo","","Excelente trato y cocina exquisita, el mejor de la zona","","No","Excelente trato y comida exquisita, el mejor de la zona"
699,"Cristina Ubierna","4 reseñas","Hace 4 años","","","Positivo","","Lugar tranquilo y acogedor, comida exquisita y trato atento","","Sí","Un lugar tranquilo y acogedor. Comida exquisita y trato atento."
700,"Alberto Segovia","Local Guide · 64 reseñas · 21 fotos","Hace 3 años","Cena","40-50 €","Positivo","","Buena calidad de materia prima y buen servicio","Precios algo elevados","No","Buena calidad de producto y buen servicio. Algo caro de precio"
701,"Arancha Pardo","Local Guide · 17 reseñas","Hace 7 años","","","Positivo","","Comida de diez y camareros de diez","","Sí","Me ha encantado...comida 10. Camareros 10. Volveré sin duda"
702,"claudio tacoronte","1 reseña","Hace 3 años","","","Positivo","Kimuchi de marisco","Servicio excelente y kimuchi de marisco espectacular","","No","Excelente servicio, el kimichi de marisco recomendable al 100% espectáculo"
703,"Mónica Loriente","7 reseñas","Hace 5 años","","","Positivo","","Comida muy sabrosa y música de fondo en ambiente tranquilo","","Sí","Comida muy rica y ambiente tranquilo con música de fondo agradable"
704,"alfonso albert","Local Guide · 263 reseñas · 30 fotos","Hace 4 años","","","Positivo","Platos de alta cocina","Alta cocina de nivel a precio razonable con personal inigualable","","Sí","Viva Medina! Alta cocina. Un precio razonable y un personal inigualable"
705,"Miguel Rodriguez Bueno","Local Guide · 72 reseñas · 33 fotos","Hace 2 años","Cena","40-50 €","Positivo","","Cena agradable y servicio increíble","","No","Disfrutamos de una cena muy agradable con un servicio increíble"
706,"Alvaro Giquel","Local Guide · 61 reseñas · 119 fotos","Hace 4 años","","","Positivo","Tapas en taco de madera","Atención cercana y excelente presentación de las tapas sobre taco de madera","","No","Lo que más me gusta de La Roca es la atención del personal y las tapas del taco de madera."
707,"Alberto Rodriguez","14 reseñas","Hace 3 meses","","","Positivo","Cocina de mercado","Buena cocina de mercado","","No","Buenas cocina de mercado"
708,"Jorge Vidri Salgado","Local Guide · 51 reseñas","Hace 3 años","","","Positivo","","Calidad culinaria muy buena y servicio impecable","","No","Muy buena calidad de comida y muy buen servicio"
709,"amaya de la peña","Local Guide · 251 reseñas · 533 fotos","Hace 5 años","","","Positivo","","Todo muy rico, atención cuidada y local muy bonito","","Sí","Muy bueno todo, y muy bien atendidos. El local muy bonito"
710,"Rafael Prado","Local Guide · 17 reseñas","Hace 6 años","","","Positivo","","Comida muy sabrosa y servicio muy amable","","Sí","Todo muy rico y el servicio muy amables, volveremos!!."
711,"Borja Fayos","Local Guide · 75 reseñas · 335 fotos","Hace 4 años","Comida","","Positivo","","Servicio rápido, buena atención y comida bastante bien","","No","Servicio bueno , rápido y la comida bastante bien. Repetiré."
712,"Ana María CASADO","3 reseñas","Hace 1 año","Cena","","Positivo","","Todo buenísimo, sitio 100% recomendable","","Sí","Todo buenísimo, sitio para recomendar 100x100"
713,"Borja A","1 reseña","Hace 3 años","Comida","50-60 €","Positivo","","Comida buenísima y servicio de diez","","No","Todo loque pedimos estaba buenísimo, y el servicio un 10"
714,"Tony Gonzalez","1 reseña","Hace 4 años","","","Positivo","","Experiencia perfecta y parada obligatoria en cada visita a Pozuelo","","Sí","Todo perfecto, cada vez que vengo a Pozuelo los visito, volveré a repetir."
715,"Cesar Alvarez de Blas","Local Guide · 33 reseñas · 5 fotos","Hace 1 año","","","Positivo","","Comida excelente y trato inmejorable","","No","Comida excelente. Trato inmejorable. Siempre volveré."
716,"Luis Guerra","Local Guide · 396 reseñas · 9 fotos","Hace 3 años","","","Mixto","","Producto de gran calidad","Atención deficiente por parte del personal de sala","Sí","Esta genial pero la atrncion no es buena. El producto muy bueno"
717,"Patricia Carrasco","1 reseña","Hace 6 años","","","Positivo","Chuletón enrollado","Alta cocina en miniatura muy rica; chuletón enrollado increíble","","No","Alta cocina en miniatura muy rica. Increíble el chuletón enrollado."
718,"Diego Garcia Alvarez","3 reseñas · 1 foto","Hace 7 años","","","Positivo","","Excelente comida y trato inmejorable","","Sí","Excelente comida y un trato inmejorable. A seguir así familia!!!!"
719,"Beatriz López Sánchez","Local Guide · 16 reseñas · 8 fotos","Hace 4 años","","","Positivo","","Supera expectativas en cada cena, valoración de diez","","Sí","Nos encanta cenar en La Roca, siempre supera nuestras expectativas, un diez!"
720,"Pilar Bernal","1 reseña","Hace 2 años","","","Positivo","","Servicio pendiente de todos los detalles","","No","Estuvo todo muy bien, estaban atentos a todos los detalles"
721,"Curro Rivero","9 reseñas · 1 foto","Hace 1 año","Cena","30-40 €","Positivo","","Servicio súper atento y comida buenísima","","No","Servicio súper atento y la comida está buenísima"
722,"Florencia Yasure","4 reseñas","Hace 2 años","","","Positivo","","Muy buen servicio y platos muy ricos","","No","Muy buen servicio , y todo muy bien !!"
723,"José Luis Pérez Lamigueiro","Local Guide · 25 reseñas · 260 fotos","Hace 8 años","","","Positivo","Platos modernos","Comida moderna, buen servicio y buena relación calidad-precio","","No","buena relación precio calidad, comida moderna y buen servicio"
724,"Yolanda Glez.M.","Local Guide · 128 reseñas · 55 fotos","Hace 8 años","","","Positivo","Menú del día","Gran calidad de nivel estrella Michelin y menú del día espectacular","","No","Gran calidad, de estrella Michelín, menú del día espectacular"
725,"Sol Balbue","1 reseña","Hace 2 años","Comida","","Positivo","","Comida exquisita y camareros muy amables","","No","Excelente servicios los chicos muy amable y la comida exquisita"
726,"Mariano Caballero","Local Guide · 103 reseñas · 4 fotos","Hace 6 años","","","Positivo","","Comida de gran nivel y servicio excelente","","No","La comida muy muy bien. El servicio, excelente"
727,"Jorge Saenz","Local Guide · 38 reseñas · 18 fotos","Hace 7 años","","","Positivo","Cocina imaginativa","Grata sorpresa con cocina imaginativa y sabrosa","","No","Muy grata sorpresa. Cocina imaginativa, muy rica."
728,"Natalia Sarandeses","Local Guide · 12 reseñas · 1 foto","Hace 4 años","","","Positivo","","Comida súper rica y camareros muy agradables","","No","La comida está súper rica y los camareros son súper agradables."
729,"OSCAR RUBIO","Local Guide · 192 reseñas · 136 fotos","Hace 4 años","","","Positivo","Platos elaborados","Comida elaborada de gran calidad y servicio excelente","","No","Comida elaborada de calidad y servicio excelente, recomendable 100%"
730,"Victoria Perez","11 reseñas","Hace 3 años","Comida","","Positivo","","Comida excelente y trato inmejorable constante","","No","Como siempre la comida excelente y el trato inmejorable"
731,"JORGE BOTICARIO FIGUERAS","5 reseñas","Hace 4 años","","","Positivo","Torreznos","Comida y servicio excelentes, torreznos buenísimos","","No","Tanto la comida como el servicio excelentes, los torreznos buenísimos! Repetiremos"
732,"Francisco Manuel Rubio Villar","Local Guide · 25 reseñas · 330 fotos","Hace 7 años","","","Positivo","Tapas variadas","Buenas tapas y muy buena atención","Local muy concurrido","Sí","Buenas tapas y muy buena atención aunque muy concurrido"
733,"Javier Castrejon","Local Guide · 22 reseñas","Hace 4 años","","","Positivo","","Sitio infalible con comida y servicio de 5 estrellas","","No","Es un sitio que no falla! Tanto la comida como el servicio es de 5 estrellas"
734,"Mario Pinto","5 reseñas","Hace 1 año","Cena","","Positivo","","Todo muy rico","","No","Todo muy rico."
735,"Elisabeth Coll","5 reseñas","Hace 3 años","Cena","30-40 €","Positivo","","Comida increíble y trato inmejorable","","No","Comida increíble y trato inmejorable. Volvemos seguro"
736,"Rubén Gutiérrez Esteban","3 reseñas","Hace 1 año","","","Positivo","","Servicio increíble y comida buena","","No","Servicio increíble, comida buena."
737,"Jesus Montero","Local Guide · 471 reseñas · 1.229 fotos","Hace 7 años","","","Positivo","Tapas de autor","Sitio estupendo para tapear","Local pequeño que suele estar lleno","No","Sitio estupendo para tapear, generalmente esta lleno al ser pequeño el sitio."
738,"David ZS","9 reseñas","Hace 4 años","","","Positivo","","Todo muy rico y buen trato","","Sí","Muy rico todo y buen trato"
739,"Olga Isla","Local Guide · 41 reseñas","Hace 8 años","","","Positivo","","Todo muy bueno","Local siempre repleto de público","No","Todo muy bueno, lo peor, que a todos nos gusta y siempre está repleto"
740,"Javier Ayala Soto","Local Guide · 186 reseñas · 15 fotos","Hace 5 años","","","Positivo","","Servicio estupendo y gestión brillante de Óscar","","No","Bravo Oscar. Todo muy bueno. Servicio estupendo."
741,"Raúl Hernández “Rulo1987”","Local Guide · 39 reseñas · 5 fotos","Hace 3 años","","","Positivo","","Excelente comida y trato inmejorable del personal","","No","Excelente comida e inmejorable trato del personal"
742,"E D","Local Guide · 99 reseñas · 19 fotos","Hace 1 año","","","Positivo","","Servicio formal, trato atento y buena cocina","","No","Buen trato, formales, y buena comida"
743,"Fran Perez","8 reseñas","Hace 4 años","","","Positivo","","Excelente comida y excelente trato","","No","Excelente comida y excelente trato. Repetiremos seguro."
744,"Javier Escribano Testaut","Local Guide · 205 reseñas","Hace 7 años","","","Positivo","","Mucha calidad gastronómica","Local muy pequeño","No","Mucha calidad , pero muy pequeño el local"
745,"Juliana Zarzuela","Local Guide · 9 reseñas · 3 fotos","Hace 7 años","","","Positivo","Tapas gourmet","El mejor lugar de la zona para tapas gourmet","","No","El mejor lugar para tapas gourmet y pasar un agradable momento"
746,"Ana Fuentes","Local Guide · 123 reseñas · 2 fotos","Hace 7 años","","","Positivo","","Trato espectacular y comida calificada con un 10","","No","Un diez en todo!!!! Muy recomendable!!! Trato espectacular y comida de 10!!!!"
747,"Penelope Gomez Feria","Local Guide · 31 reseñas · 10 fotos","Hace 7 años","","","Positivo","Carta variada","Propuesta gastronómica completa y atractiva","","No","Me gusta muchísimo todo lo que ofrece!! Muy recomendable"
748,"Shahla F","Local Guide · 141 reseñas · 606 fotos","Hace 2 años","Cena","20-30 €","Positivo","","Comida muy sabrosa que merece la pena probar","Precios algo elevados","No","Un poco caro pero merece la pena probar las comidas."
749,"Marcela Miranda Brunelli","Local Guide · 12 reseñas · 9 fotos","Hace 3 años","","","Positivo","","Comida excelente y trato inmejorable","","No","La comida es excelente 👌 y trato inmejorable 🤩 volveremos 🤩"
750,"Jose Luis Quero","2 reseñas","Hace 3 meses","Comida","40-50 €","Positivo","","Excelente experiencia","","No","Excelente!"
751,"Lina Hernandez Araque","4 reseñas · 5 fotos","Hace 1 año","Comida","20-30 €","Positivo","","Servicio sobresaliente y atención de diez por parte de Ney","","Sí","Si pudiera puntear mejor el servicio, lo haría. Ney el mejor :)"
752,"Fernando Barquin","1 reseña","Hace 3 años","","","Positivo","","Atención increíble del personal y comida buenísima","","No","Atencion increible del personal, comida buenísima"
753,"Juan manuel Alvaredo","6 reseñas · 10 fotos","Hace 2 años","Comida","60-70 €","Positivo","","Atención excelente y calidad de producto destacable","","No","Atención excelente y muy buenas la calidad de los productos"
754,"Alejandra Gonzalez-Moro","8 reseñas · 1 foto","Hace 1 año","Cena","30-40 €","Positivo","","Comida excelente, servicio impecable y facilidad para aparcar","","No","La comida excelente y el servicio impecable. Aparcamiento: Fácil apatcar"
755,"Petra Domínguez Correa","Local Guide · 21 reseñas · 28 fotos","Hace 6 años","","","Positivo","","Comida muy buena","Tardaron muchísimo tiempo en atender en mesa","No","La comida muy bien, pero tardaron muchísimo en atendernos"
756,"Celia","Local Guide · 68 reseñas · 2 fotos","Hace 4 años","","","Positivo","Platos nueva cocina","Nueva cocina estupenda y atención muy buena","","Sí","Estupenda nueva cocina con muy buena atención"
757,"Daniel Benavidez","Local Guide · 72 reseñas · 19 fotos","Hace 4 años","","","Positivo","","Lugar increíble, atención excelente y comida exquisita","","No","Lugar increíble... Excelente atención Todo exquisito Gracias"
758,"Irene Sanchez","Local Guide · 36 reseñas","Hace 3 años","","","Positivo","","Atención maravillosa y comida de nivel","","No","Maravillosa atención y comida repetire sin duda"
759,"Asumpta García González","Local Guide · 16 reseñas","Hace 2 años","Cena","","Positivo","","Comida sabrosa","Insonorización deficiente del local y presencia molesta de pantallas","No","Se debería mejorar la insonorizados y quitar la pantalla."
760,"consuelo gil muñoz","Local Guide · 248 reseñas · 246 fotos","Hace 5 años","","","Positivo","Ravioli de rabo de toro","Todo riquísimo y ravioli de rabo excelente","","No","Todo riquísimo. El raviolis de rabo de toro excelente"
761,"Juan Martinez","Local Guide · 25 reseñas · 24 fotos","Hace 7 años","","","Positivo","Tapas variadas","Todas las tapas sabrosas y apetecibles","","No","Todas las tapas están buenas. Merece la pena volver a probar el resto."
762,"javier sanpablo","9 reseñas","Hace 5 años","","","Positivo","","Buen trato y productos de gran calidad","","No","Buen trato y muy buena calidad en sus productos."
763,"Vicente Miró","Local Guide · 19 reseñas","Hace 8 años","","","Positivo","","Visita obligada y recomendable en Pozuelo","","No","Muy recomendable, si vas por Pozuelo no dejes de visitarlo"
764,"Covadonga Fernandez","2 reseñas","Hace 3 años","","","Positivo","","Servicio rápido, trato muy amable y platos estupendos","","No","Todo estupendo y servicio rápido y muy amable."
765,"Fernando Portero","Local Guide · 101 reseñas · 13 fotos","Hace 4 años","Comida","30-40 €","Positivo","","Calidad y servicio calificados de 10 en visitas repetidas","","Sí","Siempre que vamos de 10. Muy buena calidad y servicio"
766,"Antonio Caballero","Local Guide · 140 reseñas","Hace 1 año","","","Positivo","","Sitio espectacular y servicio aún mejor","","No","Espectacular sitio y mejor servicio!!!"
767,"Alberto Diaz","Local Guide · 116 reseñas · 5 fotos","Hace 5 años","","","Positivo","","Muy buena cocina y trato agradable","","Sí","Muy buena cocina y trato"
768,"alfonso","Local Guide · 68 reseñas","Hace 4 años","","","Negativo","","","Mala experiencia que desaconseja una segunda visita","Sí","Es la segunda vez que voy, no volveré nunca más, arrepentido de haberles dado 2a oportunidad."
769,"Concha RG","Local Guide · 201 reseñas · 105 fotos","Hace 4 años","","","Mixto","Raciones","Comida rica de sabor","Raciones muy escasas que encarecen el resultado final","Sí","Rico pero las raciones son muy escasas por lo que resulta caro"
770,"Ana Cruz","Local Guide · 81 reseñas","Hace 5 años","","","Positivo","","Buena cocina y trato atento","","Sí","Buena cocina y buen trato a los clientes."
771,"Jose Manuel Tuňas Moreno","Local Guide · 538 reseñas · 1.759 fotos","Hace 7 años","","","Positivo","","Grata sorpresa culinaria recomendada por amigos","","Sí","Me invitó un amigo a conocerlo y mi sorpresa fue mayúscula. Me sorprendió muy gratamente. Volveré...."
772,"Jaime Blas","Local Guide · 31 reseñas","Hace 6 años","","","Positivo","","Comida muy rica a precio moderado para la zona","","No","Todo rico y en ese entorno no muy caro."
773,"Jose Diez","Local Guide · 267 reseñas · 173 fotos","Hace 5 años","","","Negativo","","Comida normal","Caro (50€ por persona) para comer en mesas sin mantel","No","CARO. 50 euros persona. Mesa sin mantel. Comida normal."
774,"Luis Tejedor Benedicto","Local Guide · 17 reseñas","Hace 7 meses","Comida","30-40 €","Positivo","Platos adaptados a alérgenos","Local agradable con información completa sobre restricciones alimentarias y alérgenos","","No","Muy agradable Restricciones alimentarias: Información completa"
775,"Dayber Delahoz","Local Guide · 21 reseñas · 1 foto","Hace 4 años","","","Positivo","Chipirones con huevos","Chipirones con huevos espectaculares","","Sí","Los chipirones con huevos son espectaculares, muy buen restaurante"
776,"Fernando T","Local Guide · 479 reseñas · 140 fotos","Hace 7 años","","","Positivo","Platos de autor","Comida elaborada con muy buen gusto en local acogedor","Local chiquitito","No","Un lugar chiquitito y acogedor con comida elaborada con buen gusto."
777,"GREGORIA","8 reseñas · 1 foto","Hace 4 años","","","Negativo","","","Precios excesivos que motivan la decisión de no regresar","Sí","Además de todo lo que acabo de comentar, nos ha parecido caro. Desde luego, no volveremos."
778,"Miguel Apolinar Ortega Sastre","Local Guide · 58 reseñas · 11 fotos","Hace 8 años","","","Positivo","","Comida muy buena, local agradable y buena atención","","No","Muy buena la comida, la atención y el local!"
779,"Javier Estrada Rollón","4 reseñas","Hace 4 años","","","Positivo","","Comida muy sabrosa y gran atención","","No","Muy rico y gran atención."
780,"Jorge Juan Francisco Valiente","Local Guide · 486 reseñas · 1.772 fotos","Hace 5 años","","","Positivo","Platos creativos","Propuesta diferente y atractiva","","Sí","Muy bien. Diferente"
781,"Shivani Naresh Harjani","Local Guide · 35 reseñas · 6 fotos","Hace 4 años","Cena","50-60 €","Positivo","","Atención increíble y profesional de Alejandro","","No","Alejandro nos atendió e increible como siempre muchas gracias!"
782,"Gonzalo Ortega","5 reseñas","Hace 3 años","Comida","30-40 €","Positivo","","Todo muy bueno y atención de sala estupenda","","No","Muy bueno todo y muy bien atendidos"
783,"JAlvaro JAB","Local Guide · 299 reseñas · 57 fotos","Hace 7 años","","","Mixto","Chuletón","Comida correcta","Chuletón caro y local de reducidas dimensiones","Sí","Pequeño local, la comida correcta, sin más. El chuletón caro."
784,"Andres Lopez Lucas","4 reseñas · 1 foto","Hace 1 año","","","Positivo","","Experiencia excelente en todos los aspectos","","No","Excelente todo, enhorabuena"
785,"Sara Mondéjar","Local Guide · 16 reseñas","Hace 3 años","Cena","","Positivo","","Comida deliciosa, servicio muy rápido y amable","","No","Comida deliciosa, y servicio muy rápido y amable"
786,"Javier Framit","Local Guide · 16 reseñas · 5 fotos","Hace 3 años","Cena","30-40 €","Positivo","","Calidad, servicio impecable, precio razonable y facilidad de aparcamiento","","No","Calidad, servicio y a un precio muy razonable. Aparcamiento: Aparcamiento en la zona"
787,"IGNACIO PULIDO CALVO","5 reseñas","Hace 1 año","Cena","20-30 €","Positivo","","Comida y servicio de nivel top","","No","El servicio y la comida muy top. Repetiremos"
788,"Gustavo Adolfo García Delgado","Local Guide · 117 reseñas · 28 fotos","Hace 8 años","","","Positivo","","Lugar emblemático, tranquilo y acogedor","","No","Un lugar emblemático y tranquilo en Pozuelo. Pienso repetir pronto"
789,"Celina","Local Guide · 21 reseñas","Hace 1 año","Cena","30-40 €","Positivo","","Servicio de Ney calificado como lo mejor del local","","No","Lo mejor el servicio de Ney!"
790,"Asun Rivero","3 reseñas","Hace 9 años","","","Positivo","Croquetas","Comida deliciosa, croquetas destacadas","","No","Todo muy rico. Sobre todo las croquetas!!!"
791,"Chelo Vazquez Valverde","Local Guide · 65 reseñas · 12 fotos","Hace 5 años","","","Negativo","","","Cierre y cerramiento de la terraza percibido como poco seguro para ventilación","Sí","Han cerrado la terraza, convirtiéndola en una 'falsa terraza' , así se contagia el virus."
792,"Leticia de Agustín Fernández","3 reseñas","Hace 4 años","","","Positivo","","Comida, trato y ambiente fenomenales","","No","Todo fenomenal: la comida, el trato y el ambiente"
793,"María Montes-Jovellar","Local Guide · 150 reseñas · 65 fotos","Hace 7 años","","","Positivo","Platos creativos","Platos originales, cuidados y con sabores diferentes","","Sí","Platos originales y muy diferentes. Todo rico y cuidado"
794,"Ana De Artiñano Comin","Local Guide · 57 reseñas","Hace 4 años","","","Mixto","","Comida correcta","Precio algo caro para lo consumido","Sí","Estuve cenando y para lo que tomamos me pareció algo caro."
795,"Jon Gonzalez","2 reseñas","Hace 1 año","Cena","50-60 €","Positivo","","Comida muy sabrosa y buen servicio de mesa","","No","Todo muy bueno y buen servicio"
796,"Paloma SM","Local Guide · 19 reseñas · 23 fotos","Hace 3 años","Comida","","Positivo","","Excelente comida y excelente atención","","No","Excelente comida y excelente atención Repetiremos seguro"
797,"Jose GDC","Local Guide · 134 reseñas · 1 foto","Hace 3 años","","","Positivo","","Buena comida, buen servicio y buen precio","","No","Buena comida, buen servicio, buen precio, volveremos!!"
798,"Miguel Rodríguez","Local Guide · 126 reseñas · 33 fotos","Hace 5 años","","","Mixto","","Calidad culinaria y servicio correctos","Precios sumamente elevados","No","Calidad y servicio bien, peri muy muy caro"
799,"Juan Cuenca","Local Guide · 169 reseñas · 2 fotos","Hace 3 años","","","Positivo","Platos de autor","Comida rica y toques muy originales en las recetas","","No","Comida muy rica y con un toque muy original"
800,"Maria Antonia Dicen Romero","1 reseña","Hace 4 años","","","Positivo","","Servicio de primera categoría y comida espectacular","","Sí","Un servicio de primera y la comida espectacular!!"
801,"Iñigo Esteban","10 reseñas","Hace 4 años","","","Positivo","","Regularidad impecable que genera satisfacción constante","","Sí","Siempre que vengo a este sitio me voy como la primera vez. Encantado!"
802,"Fermintxo","Local Guide · 143 reseñas · 73 fotos","Hace 2 años","","","Positivo","","Todo perfecto de diez","","No","Me ha encantado. Todo de diez. Gracias"
803,"Elisa Martínez","Local Guide · 651 reseñas · 736 fotos","Hace 7 años","","","Positivo","Platos creativos","Cocina muy original y deliciosa","","Sí","Cocina muy original y muy rica."