"ID","Usuario","Perfil_Detalle","Tiempo_Aproximado","Tipo_Comida","Rango_Precio","Sentimiento","Platos_Mencionados","Aspectos_Positivos","Aspectos_Negativos","Respuesta_Propietario","Texto_Resena"
1,"Jorge Sancerni","Local Guide · 171 reseñas · 745 fotos","Hace 1 mes","Cena","40-50 €","Positivo","Sam de gamba, Ravioli de rabo, Bombones de Wagyu, Tartar de atún","Todo muy rico, plan perfecto para ir en pareja o grupos","","No","Repetiremos sin duda. Hemos ido a cenar en pareja aunque coincidimos con grupos de amigos y familia. Sam de gamba, Ravioli de rabo, Bombones de Wagyu, Tartar de atún."
2,"Rosa Visconti","Local Guide · 115 reseñas · 355 fotos","Hace 4 meses","Comida","40-50 €","Mixto","Tartar de atún rojo, Bikini de pesto, Torreznos con patatas revolconas, Croquetas de jamón ibérico, Albóndigas de wagyu, Coulant, Torrija, Tarta de queso, Chuletón matizado","Comida buena y servicio rápido a la mesa; sobresaliente el tartar y el bikini de pesto","Croquetas decepcionantes por estar súper saladas","No","Estaba todo realmente bueno y llegó rápido a la mesa. Destacaría el tartar de atún y el bikini de pesto. Me decepcionaron las croquetas, al menos a mi, me parecieron súper saladas."
3,"gonzalo martin","Local Guide · 436 reseñas · 1.207 fotos","Hace 5 meses","Cena","30-40 €","Positivo","","Trato excelente del personal, buen sitio para grupos o familia","","No","Buen restaurante en pozuelo para comer o cenar con amigos o familia, siendo el trato del personal excelente."
4,"Elvira Valiente","3 reseñas · 3 fotos","Hace 4 semanas","","","Positivo","","Comida muy rica, ambiente acogedor, camarero atento y simpático","","No","Comida muy buena, muy buen ambiente y el camarero super atento y simpatico. ¡Repetiremos seguro!"
5,"Sara López","Local Guide · 10 reseñas · 11 fotos","Hace 6 meses","Cena","20-30 €","Positivo","Ravioli de rabo de toro, Gambas rojas a la plancha","Platos exquisitos, camarero muy atento","","No","Nos ha encantado. Lo mejor el ravioli de rabo de toro buenísimo. Las gambas rojas a la plancha exquisitas también. Y el camarero muy atento. Volveremos."
6,"Cristina Bustillo","Local Guide · 243 reseñas · 1.391 fotos","Hace 7 meses","Comida","30-40 €","Positivo","","Comida muy rica y platos muy bien presentados","Diferencia de cantidad notable entre unos platos y otros","No","El sitio está muy bien y la comida muy rica. Por poner un pero que la diferencia de cantidad entre unos platos y otros es significa, pero estaba muy rico y muy bien presentado."
7,"Alberto M","Local Guide · 343 reseñas · 817 fotos","Hace 7 meses","Comida","30-40 €","Positivo","","Muy buena relación calidad/precio, raciones normales para Pozuelo","Se llena con facilidad (conviene reservar)","Sí","Restaurante con 3 estrellas Michelin, se suele llenar, así que mejor ir con reserva o entre semana. Muy buena calidad/precio con cantidades normales para la zona."
8,"Manuel Chuvieco","Local Guide · 11 reseñas · 3 fotos","Hace 1 mes","Comida","20-30 €","Negativo","Mejillones (clóchinas)","","Mala calidad, raciones escasas (8 mejillones pequeños), mal servicio, cubiertos sucios, servilletas de papel y sin manteles para menú de 20€","No","Mala calidad de la comida y escasa, ocho mejillones pequeños (clóchinas) de primero, mal servicio, no hay manteles, solo pequeños salvamanteles, cubiertos sucios, servilletas de papel para un menú de ¡Veinte euros! No saben servir..."
9,"H Watch","Local Guide · 339 reseñas · 1.172 fotos","Hace 7 meses","","","Positivo","","Ingredientes frescos de calidad, cocina mediterránea deliciosa, ambiente elegante","","No","La Roca en Pozuelo de Alarcón es un restaurante con una cocina deliciosa de inspiración española y mediterránea, donde los ingredientes frescos y de calidad brillan en cada plato. El ambiente es acogedor y elegante..."
10,"Francisco Pérez","Local Guide · 15 reseñas · 5 fotos","Hace 4 meses","Comida","40-50 €","Negativo","Tuétano a la brasa","Comida correcta","Raciones muy pequeñas y precio desproporcionado (tuétano irrisorio a 18€)","No","La comida correcta en general pero las raciones muy pequeñas, con lo que los precios son muy altos en proporción. En algunos platos, como el tuétano a la brasa, la cantidad era irrisoria y costaba 18€."
11,"JG-RR","Local Guide · 187 reseñas · 292 fotos","Hace 3 semanas","Comida","30-40 €","Positivo","Tigre de bogavante, Chuletillas, Tacos de lechuga","Bien atendido, sitio agradable para grupos, ricos el tigre y los tacos de lechuga","Chuletillas mejorables","No","Bien atendido, agradable y un buen sitio para ir en grupo. El tigre de bogavante rico, y las chuletillas bien pero pueden mejorar. Unos tacos de lechuga nos gustaron bastante y recomendables. En resumen siempre con margen de seguir probando."
12,"John Dillinger","Local Guide · 33 reseñas · 1 foto","Hace 2 meses","","50-60 €","Negativo","Postres","","Mala relación calidad-precio a la carta, platos fallidos, peor experiencia que en visitas anteriores","No","Comimos bastante mal en relación calidad precio. Comimos a la carta y no acertamos ni una de los 7 u 8 platos que elegimos. Crero que tienen una carta aparte como de raciones y cosas que la primera vez que fui estaba mejor. Los postres..."
13,"Viajero Gourmet82","Local Guide · 350 reseñas · 1.963 fotos","Hace 2 años","Cena","30-40 €","Positivo","Bravas, Croquetas, Pan bao de cochinita pibil, Torrija, Tapa, Cerveza, Pan","Carta interesante, platos bien elaborados y equilibrados","Raciones un poco pequeñas para su precio","No","Nos sorprendió y gustó mucho conocer este lugar. La carta tiene cosas muy interesantes y los platos están todos muy bien elaborados y equilibrados. Quizás las raciones un poco pequeñas para su precio pero merece la pena conocerlo."
14,"Héctor","Local Guide · 66 reseñas · 260 fotos","Hace 1 año","Comida","40-50 €","Positivo","Platos fuera de carta","Muy buena calidad de cocina, ideal para compartir, buenas sugerencias fuera de carta","","No","La cocina es de muy buena calidad, se presta a compartir, y además de los clásicos tienen siempre bastantes opciones fuera de carta."
15,"diana castro","Local Guide · 14 reseñas · 8 fotos","Hace 2 años","Comida","30-40 €","Positivo","","Trato maravilloso, comida fantástica, terraza muy agradable","","No","Una experiencia maravillosa. Fuimos de casualidad y no podía haber acertado más. El trato es maravilloso, la comida fantástica y la terraza de lo más agradable."
16,"Elena Liz Barrenechea","Local Guide · 68 reseñas · 77 fotos","Hace 1 año","Cena","30-40 €","Positivo","","Platos con mucho sabor y variedad, excelente calidad y servicio","","No","Sitio original con comida de muy buena calidad. Nos sorprendió mucho el sabor de los platos, tienen mucha variedad y estaba todo buenísimo. El servicio buenisimo también. Repetiremos sin duda!"
17,"M. B.","Local Guide · 249 reseñas · 1.217 fotos","Hace 2 años","Cena","20-30 €","Negativo","Ensaladas, Alcachofas confitadas","","Más de media hora de espera para platos fríos y desorganización en el servicio","No","Desastrosa mi experiencia. Fuimos a cenar 3 el viernes, pedimos 3 platos dos de los cuales eran ensaladas y uno unas alcachofas confitadas y no solo nos tuvieron esperando más de 1/2 hora para traer el 1o..."
18,"Iker Zunzarren","Local Guide · 67 reseñas · 91 fotos","Hace 3 semanas","Cena","","Positivo","","Atención inmejorable, comida superior a la media de la zona","","Sí","La atención del servicio es inmejorable y la comida destaca sobre los restaurantes de la zona"
19,"Belano Tinajero","Local Guide · 82 reseñas · 84 fotos","Hace 1 año","Comida","30-40 €","Positivo","Bombones de foie y membrillo, Kimuchi de marisco, Bocatín de calamares, Salmorejo, Pan bao de carrilleras de cerdo, Cromoterapia","Sabores y texturas sorprendentes, aperitivo de cortesía con la bebida servida en vaso largo","","Sí","Después de varios años sin venir, los sabores y texturas de La Roca siguen sorprendiendo. Para empezar, las bebidas vienen con aperitivo, servidas en copa o vaso largo..."
20,"Caen Morales","Local Guide · 314 reseñas · 890 fotos","Hace 2 años","Cena","30-40 €","Positivo","","Comida variada y de gran nivel culinario para comensales en solitario, sin sensación de pesadez","","No","Comiendo solo, es complicado encontrar donde comer/cenar tan bien, tan variado, sin salir rodando y poder probar tantas cosas. No soy de regalar estrellas, ni poner 5 estrellas a la ligera, pero si tenía dudas por el sabor, el precio o lo..."
21,"Lola Garcia","7 reseñas","Hace 5 meses","","40-50 €","Positivo","El tigre, Pan bao, Empanadilla criolla","Atención excelente del personal (especial mención a Neim/Ney), tapas ricas","","No","La atención por parte de todos los camareros, en especial de Neim ha sido excelente. Hemos ido en dos ocasiones este mes. Las tapas (el tigre, el bao, la empanadilla..."
22,"Luis Rodríguez Sánchez","Local Guide · 267 reseñas · 1.139 fotos","Hace 2 años","Comida","30-40 €","Positivo","Bravas, Croquetas de jamón, Bao de cochinita pibil, Empanadilla argentina, Careta en tempura, Tortilla con trufa, Fideuá, Cocochas de bacalao, Deconstrucción de helado, Torrija","Calidad altísima en muchos platos, raciones suficientes frente a otras críticas","","No","Muy sorprendidos por la calidad de muchos de sus platos, no lo esperábamos. Nos encantó y viendo otros comentarios no entendemos porque se critica que muchos son mini platos y que escasísimas las raciones, porque en nuestro caso las..."
23,"Mikel","Local Guide · 250 reseñas · 480 fotos","Hace 3 años","","","Positivo","Pastel árabe","Comida buena y bien cuidada, postre pastel árabe espectacular","Local sencillo","No","Es un lugar sencillo pero la comida está buena y bien cuidada. Recomendable para ir en pareja o con amigos. Tienen un postre que es el pastel árabe que es una auténtica locura, está muy bueno."
24,"Ivanna","Local Guide · 666 reseñas · 5.100 fotos","Hace 4 años","Cena","20-30 €","Negativo","Financier de turrón con helado de galleta, Tacos de pulpo, Empanadillas, Carpaccio de bogavante, Ensalada de quinoa, Zamburiñas, Bombones de foie, Japotaco","Zamburiñas y postre ricos","Calidad global mejorable para los precios de Madrid, no cumplió altas expectativas","No","Con todo lo que habíamos leído esperábamos muchísimo más… Nos decepcionó bastante el sitio en general. Los platos a precios de Madrid pero de calidad bastante mejorable. Lo único que llegó a sorprendernos fueron las zamburiñas y el postre."
25,"David Arriero","6 reseñas · 5 fotos","Hace 3 años","","","Positivo","Torrija de Brioche, Taco Japo-Mexicano, Taco de pulpo en tempura, Samm de gambas, Oreja en tempura, Blinis de sardina ahumada","Calidad brutal, atención inmejorable, doble carta flexible de tapas y raciones","","No","Hacía tiempo que no tenía una experiencia tan agradable en un restaurante. El lugar, la atención y la comida es de una calidad brutal. 2 cartas donde elegir entre raciones más contundentes o 'bocados' exquisitos."
26,"Emeonline","Local Guide · 412 reseñas · 587 fotos","Hace 1 año","Comida","30-40 €","Positivo","","Cocina creativa, carta variada y muy ajustada de precio","","No","Nos ha encantado la cocina y su carta. Variada, creativa y muy bien de precio."
27,"Delfina Kg","Local Guide · 24 reseñas · 61 fotos","Hace 4 años","","","Positivo","Platos de temporada","Gran calidad y detalle en los platos, servicio encantador, recomendaciones de Óscar","","Sí","Sitio excelente y Comida de gran calidad. El trato es excelente, sus camareros son muy amables y encantadores. Óscar siempre nos guía con buenas recomendaciones sobre los platos de la carta. Platos con gran sabor y mucho detalle..."
28,"No Mondays Management-Promotion “Javier NoMondays”","Local Guide · 190 reseñas · 1.091 fotos","Hace 1 año","","","Positivo","Sam de gambas, Tacos de tartar, Bravas, Bao de ternera, Cochinita pibil, Postres","Comida riquísima, servicio de 10, rapidez asombrosa de cocina con las comandas","Postres un poco más flojos","Sí","Espectacular, nos ha encantado. Todo riquísimo. Sam de gambas, tacos de tartar, las bravas, Bao de ternera, cochinita pibil... Todo fabuloso. Los postres un poquito más flojos pero también buenos. Servicio de 10 y cocina muy rápida con las comandas."
29,"Gema","Local Guide · 252 reseñas · 1.468 fotos","Hace 3 años","Comida","30-40 €","Positivo","Torreznos con revolconas, Alcachofas a la brasa con parmentier y rabo de buey, Hamburguesa de vaca Angus, Torrija con helado de violeta, Tarta de queso con helado de vainilla","Local amplio con terraza, carnes y hamburguesa deliciosas, carta completa","Patatas de la hamburguesa no incluidas en el plato base","No","Local muy amplio que cuenta con terraza. La carta aunque no es muy amplia cubre de sobra los gustos variados que pueden darse en una comida. Las carnes riquísimas, incluida la de la hamburguesa..."
30,"IGNACIO FUENTE PACHECO","Local Guide · 88 reseñas · 310 fotos","Hace 1 año","","","Negativo","","","Bastante caro para la propuesta, raciones escasas, salida con hambre","No","12.09.2024 Para la propuesta que es resulta ser bastante caro. Nos quedamos con hambre. No..."
31,"Luis SL","Local Guide · 387 reseñas · 1.715 fotos","Hace 2 años","Cena","40-50 €","Positivo","Ensaladilla, Croquetas de jamón, Patatas bravas, Canelón de rabo de toro, Pimientos rojos, T-bone, Cerveza Turia","Comida casera de calidad, trato excepcional y cercano, cerveza Turia de grifo","","No","Vinimos a cenar 7 personas por recomendación. Comida casera de calidad envuelta en un trato excepcional por parte del personal, sin ninguna duda te hacen sentir como en casa. Da gusto que te atiendan así, y que te pongan la turia de grifo..."
32,"Arturo","Local Guide · 539 reseñas · 3.106 fotos","Hace 4 años","Cena","20-30 €","Negativo","","","Experiencia decepcionante frente a las expectativas creadas por las opiniones","No","Una pena de restaurante. Fuimos con muchas ganas al ver las reseñas positivas pero la verdad que no nos..."
33,"Mamen GoAl","Local Guide · 375 reseñas · 1.179 fotos","Hace 1 año","Comida","40-50 €","Positivo","","Comida muy rica, camareros profesionales y agradables, excelente relación calidad-precio","","No","Sitio que merece la pena conocer. Comida muy rica, camareros agradables y profesionales, relación calidad precio excelente. Recomendable 100%."
34,"Antonio Barcos","Local Guide · 64 reseñas · 36 fotos","Hace 3 años","","","Positivo","Tapas de entrante, Platos principales, Postre","Comida deliciosa e impecable independientemente del precio final","","Sí","Todo exquisito. La Roca es de esos lugares en los que independientemente del precio, sabes que vas a comer bien. Pedimos varios entrantes (tapas), dos principales más postre, y todo muy bueno. Imprescindible."
35,"Aránzazu","Local Guide · 79 reseñas · 37 fotos","Hace 2 años","Cena","20-30 €","Positivo","Patatas bravas originales, Torrija","Atención rápida y amable, tapas originales y caseras","Tapas de tamaño reducido","No","Me gustó, fui con mi marido ayer para cenar. Atienden rápido y muy bien, la comida muy buena, no son tapas de gran tamaño pero nos gustó probarlas. Los camareros son muy agradables. Repetiremos seguro. Recomiendo las patatas bravas..."
36,"Ale Ruiz","4 reseñas · 10 fotos","Hace 1 año","","","Positivo","Bombones de foie, Carrillera al vino tinto, Tarta árabe","Atención de 10.000 puntos, camareros explicando minuciosamente cada ingrediente, postre de nivel superior","","No","Toda una experiencia. La atención 10000 puntos, con cada plato venía la explicación de cada ingrediente, y ni hablar de lo rico que estaba todo. Súper recomendable los bombones de foie, la carrillera al vino tinto…y el postre 'tarta árabe' uuufff!!!"
37,"patricia ortiz de solorzano","Local Guide · 3 reseñas","Hace 1 mes","Cena","30-40 €","Mixto","Platos variados fuera de carta","Trato excelente de Ney aconsejando y cuidando la mesa en todo momento","Comida bastante normal sin destacar","No","La comida bastante normal pero el trato de Ney ha sido excelente, aconsejando y sorprendiendo con distintos platos. Nos ha cuidado mucho, un gusto tratar con él."
38,"David Fernandez","Local Guide · 125 reseñas · 97 fotos","Hace 3 meses","Comida","40-50 €","Positivo","","Ingredientes de primera calidad, comida exquisita, trato genial","","No","Excelente restaurante, comida con ingredientes de primera y todo exquisito. El trato es genial. Recomendable 100%"
39,"Laura MF","Local Guide · 77 reseñas · 59 fotos","Hace 4 años","","","Negativo","Torreznos, Pulpo, Huevo trufado, Bombones de foie","Huevo trufado y bombones de foie ricos (mencionados en réplica)","Torreznos excesivamente salados, pulpo duro, calidad inferior al renombre del local","Sí","Decepcionante....debido al renombre que tiene me esperaba más calidad y elaboración. Quizás fue mala suerte porque los torreznos estaban salados y el pulpo duro, pero...no repetiría."
40,"R","Local Guide · 697 reseñas · 3.294 fotos","Hace 11 meses","","","Positivo","Pluma ibérica, Croquetas, Tarta árabe","Producto de calidad, buena cocina, atención cuidada","Imprescindible reservar con antelación","No","Buena atención. Producto de calidad. Buena cocina. Imprescindible reservar. Pluma, Croquetas, Tarta árabe. Recomendada."
41,"Celia Crespo","Local Guide · 450 reseñas · 3.483 fotos","Hace 4 años","","","Mixto","Mejillones a la brasa, Croquetas, Raviolis de ternera, Tacos de atún","Servicio rápido y eficiente, mejillones a la brasa y croquetas sobresalientes","Platos escasos para su precio (raviolis y tacos de atún)","Sí","Buen sitio para picar algo. De servicio rápido y eficiente. Lo mejor de lo que probamos fueron los mejillones a la brasa y las croquetas. Algunos platos demasiado escasos para su precio, como los raviolis de ternera y los tacos de atún."
42,"Javier Onrubia","Local Guide · 195 reseñas · 859 fotos","Hace 4 años","","","Positivo","","Trato fenomenal, calidad indiscutible de producto","Un pelín caro","No","Nos trataron fenomenal. Todo muy rico aunque en mi opinión un pelin caro. Aunque solo por el trato y la calidad de los productos es un sitio para repetir o recomendar y quedar fenomenal."
43,"Jesús Rodríguez Esteban","Local Guide · 96 reseñas · 102 fotos","Hace 1 año","","","Positivo","","Trato al cliente impecable (te hacen sentir como en casa), calidad indiscutible en cada plato","","No","La Roca es siempre nuestra primera opción en Aravaca y Pozuelo. Nos encanta no solo por su trato al cliente, que es impecable y siempre nos hacen sentir como en casa, sino también por la comida..."
44,"Sergio Sanz Casillas","Local Guide · 11 reseñas · 16 fotos","Hace 3 años","Cena","30-40 €","Positivo","Bombones de foie, Zamburiñas, Migas con gambas y yema de huevo, Alcachofas con parmentier y rabo de toro","Pinchos y platos principales variados, bien elaborados y bien servidos","","No","Comida top, pinchos y platos principales variados y muy bien elaborados. Pedimos bombones de foie y zamburiñas de entrante, seguido de migas con gambas y yema de huevo, y alcachofas con queso parmentier y rabo de toro. Bien servido..."
45,"Sandrine Reymond","10 reseñas · 2 fotos","Hace 5 meses","Cena","50-60 €","Positivo","Tapas variadas","Tapas deliciosas, atención amable, eficiente y con grandes consejos por parte de Ney","","No","¡¡¡Ney es muy amable, eficaz y nos dio buenos consejos para la comida!!! ¡Las tapas son deliciosas!"
46,"Rubén Gutiérrez","Local Guide · 11 reseñas · 17 fotos","Hace 1 año","","","Positivo","Provoleta, Ventresca, Mejillones a la brasa, Arroz negro, Arroz de solomillo, Postres","Platos espectaculares, entrantes y arroces melosos impecables","","No","Simplemente espectacular, de primero pedimos un poco de todo (provoleta, ventresca, mejillones a la brasa) todo buenísimo y ya en los segundos dieron en el clavo con varios arroces melosos (arroz negro y de solomillo) para terminar..."
47,"José Miguel García Márquez","Local Guide · 15 reseñas · 4 fotos","Hace 2 años","Cena","30-40 €","Positivo","","Servicio cercano, trato con profesionalidad excepcional y comida de 10","","No","Desde el primer momento te atienden con una profesionalidad que ya no se suele ver en ningún lado. La comida es espectacular. Todo de diez y con un servicio cercano y personal. Volveremos seguro."
48,"Gonzalo Millán Rodríguez","Local Guide · 150 reseñas · 148 fotos","Hace 2 meses","","30-40 €","Positivo","","Comida buenísima, personal súper agradable, ambiente familiar","","No","Hemos repetido restaurante y sigue todo genial, la comida está 'buenísima', el personal es super agradable y el local tiene buen ambiente familiar, me gusta."
49,"Gonzalo Gomez","Local Guide · 112 reseñas · 394 fotos","Hace 6 años","","","Positivo","Tortilla de Betanzos, Croquetas, Pulpo","Platos increíbles (tortilla idéntica a la gallega, croquetas divinas), camareros majos","","No","Un sitio cojonudo. Camareros majos y muy agradables. La comida increible. La tortilla de Betanzos como si la hubiera comido en Galicia. Las croquetas divinas. El pulpo rico, rico, rico. Así da gusto."
50,"ANA ISABEL VELASCO","Local Guide · 15 reseñas","Hace 1 mes","Comida","20-30 €","Positivo","Carne","Carne espectacular, servicio súper rápido y sin esperas","","No","Nos atendieron fenomenal, todo super rápido y sin esperas, y lo mejor de la experiencia la comida estaba buenísima la carne espectacular. Recomiendo cien por cien ."
51,"Mariel Mateos","7 reseñas · 1 foto","Hace 5 meses","Comida","","Negativo","Hamburguesa, Menús variados","","Menús corrientes y olvidables, raciones escasas, carne de hamburguesa de pésima calidad, indigno de reconocimiento Michelin","No","Pedimos varios menús, diferentes combinaciones, los platos fueron escasos (salvo la hamburguesa que no era escasa pero la carne era pésima) y todos ellos muy corrientes completamente olvidables. Para nada meritorio de Michelin, una decepción total..."
52,"Alvaro.O.D","Local Guide · 477 reseñas · 6.846 fotos","Hace 3 meses","","","Negativo","Bao de langostino en tempura, Chipirones a la plancha, Taco mejicano de tartar de atún, Carpaccio de carabinero","Buen recuerdo del antiguo local","Pérdida de calidad culinaria en el nuevo local respecto a sus inicios","Sí","Este restaurante bar, que realmente fue todo un hallazgo en su día cuando estaban ubicados en el local pequeño, muy buena calidad, productos de primera y buen asesoramiento, en este nuevo local la calidad no está acorde con lo que comes..."
53,"Elena Martin","Local Guide · 22 reseñas · 10 fotos","Hace 11 meses","Comida","40-50 €","Positivo","Tapas individuales","Comida original y rica, formato perfecto para compartir tapas individuales","","No","Comida muy original y rica. Ideal para compartir ya que hay platos individuales que son como tapas."
54,"maria martin ponce","Local Guide · 23 reseñas · 89 fotos","Hace 1 año","Cena","30-40 €","Positivo","","Comida excelente, camareros encantadores","Sin aparcamiento propio","No","Comida excelente y camareros encantadores. Volvería mil veces más! Aparcamiento: No"
55,"Daniel Canals","Local Guide · 143 reseñas · 1.211 fotos","Hace 7 años","","","Positivo","Tapas, Postres","Producto de mercado de primera calidad, trato excepcional, postres de lujo, zona con fácil aparcamiento","","No","Espectacular. Restaurante joven pero con un equipo muy experimentado. Trato excepcional y producto de mercado de primerísima calidad. Vale la pena visitarlo y disfrutar de su acertada carta y tapas. Postres de lujo.Zona de fácil aparcamiento."
56,"Nubia Acosta","Local Guide · 60 reseñas · 84 fotos","Hace 5 años","","","Positivo","","Atención estupenda, trabajo artesanal perceptible en los platos, explicaciones detalladas","","Sí","La atención es estupenda. Los platos muy variados y la explicación de cada uno de los platos hace que al degustarlo se sienta el trabajo artesanal que hay detrás..."
57,"T. A.","Local Guide · 25 reseñas","Hace 5 meses","","","Mixto","","Comida rica, servicio correcto, precios normales para el estándar de Pozuelo","Raciones muy dispares: unos platos son adecuados y otros extremadamente escasos para su precio","No","Comida rica, relación calidad precio en general bien. No es barato, tampoco es lo más caro de Pozuelo. Eso sí, algunos platos tienen cantidad adecuada y otros son muy escasos y caro para lo que es. El servicio en general bien."
58,"Esperanza Urdiales","3 reseñas · 1 foto","Hace 1 año","Comida","Más de 100 €","Positivo","","Comida espectacular a precio razonable por la calidad, personal atento y servicial, local acogedor","","Sí","Un sitio 10. La comida espectacular a un precio más que razonable a la calidad servida. El personal siempre atento y servicial y el sitio muy acogedor y cuidado."
59,"Juan Antonio Acosta Melero","Local Guide · 179 reseñas · 572 fotos","Hace 8 meses","","30-40 €","Negativo","Tortilla de Betanzos, Pulpo a la brasa con arroz","","Publicidad engañosa en web (menú de 20€ que luego no existe en sala), tortilla que no respeta la receta de Betanzos, pulpo corriente","No","Todo mal. Vi el menú del día de 20€ en la web, llegamos allí y dicen que no hay menú, por qué no lo avisan en la web. Tortilla de Betanzos, no está mal, pero no se parece a la de Betanzos. Pulpo a la brasa normal, pero con un trozo de arroz..."
60,"Ivan Ribera","Local Guide · 313 reseñas · 193 fotos","Hace 4 años","","","Positivo","","Cocina elaborada de lujo, trato exquisito, camareros explicando minuciosamente cada plato","","Sí","Espectacular, magnífico descubrimiento, está todo muy bueno, cocinan de lujo, todos los platos muy elaborados, el trato exquisito, una atención por parte de los camareros expectacular, te explican todos los platos en todo momento..."
61,"Lucia Sanchez","Local Guide · 118 reseñas · 197 fotos","Hace 6 años","","","Positivo","Postre de zanahoria con granizado de pomelo/naranja y helado de violeta, Platos fuera de carta","Calidad y sabor brutales en platos y sugerencias, postre fuera de serie","Raciones algo reducidas para su precio","No","La calidad de la comida es muy buena y el saber estupendo. Las raciones son un poco pequeñas para el precio que tienen pero la verdad que todos los platos de fuera de carta estaba brutal. Este es el postre que era compota de zanahoria..."
62,"Manuel Espejo","Local Guide · 291 reseñas · 288 fotos","Hace 5 años","","","Positivo","Tartar de atún","Comida muy buena, toques de cocina fusión bien combinados","Omisión de alga wakame en el tartar de atún","No","La calidad de la comida es muy buena. Platos elaborados y una cocina con toques de fusión. Tienen su toque personal y muy buen estilo al combinar ingredientes. El tartar de atún muy bueno, pero no usan algas wakame y eso es un error."
63,"Cesar Mateos","Local Guide · 125 reseñas · 168 fotos","Hace 1 año","Comida","40-50 €","Positivo","Tartar de atún, Tapas y platos","Comedor agradable con terraza cubierta, tartar de atún sobresaliente","Precio algo elevado (46€/persona con tapas, platos y agua)","Sí","Restaurante agradable, tiene sala y terraza techada, comimos tartar de atún y fue lo que más nos gustó, comimos dos tapas y dos platos entre dos personas, bebida cada uno y agua para compartir, 46€ por cabeza."
64,"Soledad Arroyo","Local Guide · 116 reseñas · 25 fotos","Hace 1 año","","","Positivo","","Cocina de mercado impecable con texturas sorprendentes, servicio anticipativo y atento de diez","","Sí","Que gran descubrimiento! Cocina de mercado primorosamente tratada. Sorprendentes combinaciones de sabores y texturas. Y lo mejor, sin duda, el servicio. Antes de que recojas el tenedor que se te ha caído aparece un camarero a recogerlo..."
65,"Dayana Rosa Briñez Yepes","Local Guide · 29 reseñas · 5 fotos","Hace 1 año","Comida","40-50 €","Positivo","Bombones de foie, Migas con gambas, Tartar de atún","Comida y carta deliciosa, atención excelente del equipo","","No","Fui con unos compañeros de trabajo y probamos casi toda la carta, el lugar está muy bien y la atención es excelente, de lo que comimos lo que más me gustó fue la tapa de bombones de foie, las migas con gambas y el tartar de atún."
66,"Susana Perez MUñoz","14 reseñas · 4 fotos","Hace 6 meses","Cena","20-30 €","Negativo","Gambas, Zamburiñas","Esencia original todavía presente","Presión comercial por pedir marisco no acorde al estilo gastronómico del local, mal trato puntual de un camarero, pantallas decorativas fuera de lugar","Sí","Hacía más de un año que no iba y me he llevado una decepción grande. Era una cocina distinta y bien elaborada y aunque la esencia continúa, de repente te quieren meter unas gambas o unas zamburiñas que no tienen nada que ver con el tipo de restaurante..."
67,"Carmen Maestre","Local Guide · 1.147 reseñas · 5.351 fotos","Hace 7 años","","","Negativo","Tapas para compartir","Buen recuerdo de la cocina de Alberto Molinero en Berantevilla","Tapas con cantidades mínimas para mesas de seis personas sin previo aviso del personal","Sí","Conozco Lola restaurante, en Berantevilla. Salí encantada de la alta y espléndida cocina de Alberto Molinero. No puedo decir lo mismo de La Roca. Pedimos varias tapas para compartir. Al camarero no se le ocurrió comentarnos a los seis que..."
68,"Pilar Pascual","6 reseñas","Hace 3 meses","Cena","30-40 €","Positivo","","Comida muy buena y regularidad garantizada con los años, ideal para ir con amigos","","No","Es un sitio muy agradable y la comida muy buena. Con el paso de los años no ha disminuido las ganas de ir alli, con amigos es una apuesta segura."
69,"Xan de Vicus","Local Guide · 118 reseñas · 84 fotos","Hace 4 años","","","Positivo","","Platos estéticamente muy cuidados, productos de calidad, personal muy preocupado por la satisfacción del cliente","","No","El plato está muy estéticamente presentado. El servicio muy interesado en la buena acogida de los comensales, da gusto ver cómo se interesan por la aceptación del cliente. Calidad en los productos."
70,"Alvaro Sanchez","Local Guide · 251 reseñas · 98 fotos","Hace 4 meses","Cena","40-50 €","Positivo","","Camareros amables, platos variados","Pocas opciones para vegetarianos, precios algo elevados","No","Buen sitio para cenar con platos variados aunque pocas opciones vegetarianas. Los camareros muy amables, eso si es carete, pero en pozuelo..es lo que puedes esperar"
71,"Alejandro Prieto Guerrero","6 reseñas · 6 fotos","Hace 8 años","","","Positivo","","Comida excelente, profesionalidad y rapidez brillante del encargado supervisando mesas","","No","Comida excelente aunque lo más importante ha sido el trato recibido por el encargado pendiente de todas las mesas y de que todo este perfecto,me ha dejado fascinado a mi y a mi familia con su rapidez y profesionalidad..."
72,"javier colon","Local Guide · 70 reseñas · 206 fotos","Hace 5 años","","","Mixto","Pulpo a la brasa, Vieiras, Alcachofas con puré y rabo de toro, Ensaladilla","Pulpo, vieiras y guiso de rabo deliciosos","Ensaladilla sosa a falta de sal, alcachofas mal peladas con hojas duras","Sí","Tomamos un pulpo a la brasa, muy muy rico...Ensaladilla (le faltaba sal y algo más)Vieiras, muy muy buenas, alcachofas con base de pure de patata y rabo de toro desmenuzado,muy buenas, pero las alcachofas deberían de estar mejor peladas"
73,"Lucía Canillas Arias","Local Guide · 31 reseñas · 63 fotos","Hace 3 años","Comida","30-40 €","Positivo","","Comida muy rica, camarero muy amable, terraza agradable","","No","Todo muy rico. El camarero muy amable. Tiene terraza y es muy agradable"
74,"Veronica Manrique","Local Guide · 85 reseñas · 128 fotos","Hace 3 años","Cena","20-30 €","Positivo","","Atención rápida y muy atenta, variedad de tapas sabrosas","Algunos platos puntuales resultaron algo mejorables","No","Pedimos montón cosas, unas muy buenas otras pelin mejorables. Atención muy atenta y rápida."
75,"Leo M","Local Guide · 20 reseñas · 82 fotos","Hace 2 años","","","Positivo","","Platos elaborados con mimo y buen gusto, ambiente distendido, servicio atento","","No","Agradable lugar con ambiente distendido y servicio atento, donde degustar platos realizados con mimo y buen gusto."
76,"Eduardo Espinosa Martín","9 reseñas","Hace 1 mes","Cena","30-40 €","Positivo","","Comida buenísima, camareros de 10, trato increíble","","No","Increíble el trato, la comida buenísima y los camareros de 10, volveremos seguro"
77,"María animal","Local Guide · 129 reseñas · 62 fotos","Hace 2 años","","","Positivo","","Cena fantástica, servicio agradable y muy atento","","No","Hemos cenado divinamente.El servicio ha sido muy agradable y atento. Volveremos."
78,"Anm anm","12 reseñas · 5 fotos","Hace 1 año","Comida","30-40 €","Positivo","","Comida muy rica, atención genial, excelente relación calidad-precio","","No","Nos gustó mucho, la atención genial y calidad precio muy bien!!☺️ Lo recomiendo"
79,"Toni Vidal","Local Guide · 70 reseñas · 155 fotos","Hace 4 años","Cena","","Positivo","Tapeo variado","Comida exquisita, muy buena atención del personal","","No","Un 'tapeo' impresionante . Muy buena atención por parte del personal. La comida exquisita. Muy recomendable opción si estás por Pozuelo"
80,"gonzalo ruiz","Local Guide · 32 reseñas · 1 foto","Hace 10 meses","Cena","40-50 €","Positivo","","Comida espectacular con gran presentación, ambiente acogedor y divertido para amigos","","Sí","Una experiencia increíble en La Roca!Fuimos a cenar con amigos un sábado y todo fue perfecto de principio a fin. El ambiente es acogedor, con una energía ideal para disfrutar y pasar un buen rato. La comida, simplemente espectacular..."
81,"Sam","Local Guide · 964 reseñas · 6.374 fotos","Hace 3 años","Cena","40-50 €","Positivo","Platos de mercado","Platos muy ricos, formato ideal para grupos y probar muchas cosas","Raciones pequeñas y precios algo altos","No","Restaurante gourmet de mercado, platos pequeños y ricos, aunque caretes. Ideal para ir en grupo y probar muchas cosas"
82,"CARLOS BARRANCO GARCÍA","Local Guide · 94 reseñas · 62 fotos","Hace 3 años","Comida","60-70 €","Positivo","","Gran nivel gastronómico en cocina, estupendo servicio de sala","Decoración y local poco atractivos para el nivel culinario","No","Me gusto mucho almorzar en La Roca, el único pero que encontré es que el local y su decoración no me parecen muy atractivos y desmerecen el gran nivel de la cocina y el estupendo servicio."
83,"María Montserrat","Local Guide · 17 reseñas · 11 fotos","Hace 1 año","Cena","","Positivo","Blinis, Costilla, Tartare, Ravioli rabo de toro, Pan bao, Postres","Equilibrio entre tradición y vanguardia, postres originales, servicio excelente","","No","Blinis, costilla, tartare, ravioli rabo de toro, pan bao . .. postres originales y deliciosos. Servicio excelente. Cocina tradicional con un toque moderno."
84,"Daniel Alfaro","Local Guide · 447 reseñas · 1.737 fotos","Hace 4 años","","","Positivo","Pulpo a la brasa, Tortilla de Betanzos, Postres","Pulpo a la brasa y tortilla de Betanzos espectaculares, trato increíble","Postres por debajo de las expectativas generadas","Sí","Muy buena experiencia, el pulpo a la brasa muy recomendable y la tortilla de Betanzos muy rica y jugosa. Los postres no fueron tan ricos como esperaba pero el trato increíble"
85,"Chema Caballero","Local Guide · 1.041 reseñas · 6.478 fotos","Hace 4 años","","","Positivo","","Carta muy equilibrada, comida exquisita, servicio excelente y buen ambiente","","Sí","Exquisito. Excelente servicio, buen ambiente, carta muy equilibrada. Una delicia"
86,"Natalia Mad","7 reseñas","Hace 4 meses","","","Negativo","","","Deterioro evidente en la calidad de la cocina respecto a años atrás","No","Me encantaba hace años, últimamente, para ser sincera, la comida cada vez nos gusta menos, algo ha cambiado en cocina."
87,"rocio relaño sieira","Local Guide · 26 reseñas · 5 fotos","Hace 2 meses","Cena","30-40 €","Positivo","Postre de chocolate","Comida deliciosa, local agradable, atención maravillosa de Ney, Nilmar y Valentín","","No","Ney y Nilmar y Valentín maravillosos!!! El sitio genial!! Muy rico!! Los postres recomiendo el de chocolate!"
88,"Manuel Rodriguez Martin","Local Guide · 68 reseñas · 4 fotos","Hace 1 año","Comida","20-30 €","Positivo","","Comida muy rica, servicio rápido, local bonito y trato excepcional","","No","Lugar impresionante! Buena atención, sitio bonito, comida muy buena, servicio rápido! El trato ha sido excepcional, hemos quedado encantados!"
89,"Pedro Hidalgo","Local Guide · 24 reseñas · 200 fotos","Hace 3 años","Cena","20-30 €","Positivo","Ravioli de rabo, Solomillo con arroz meloso, Taco de pulpo","Comida variada y muy rica, atención muy buena","","No","Probamos muchas cosas lo que más nos gustó fue: Ravioli de rabo, solomillo con arroz meloso y taco de pulpo. Atención muy buena"
90,"David Andrés","Local Guide · 285 reseñas · 2.905 fotos","Hace 3 años","Comida","30-40 €","Positivo","Carpaccio, Tartar, Baos, Zamburiñas, Bombones de foie","Buen producto, buena elaboración técnica, atención correcta","Cantidades bastante escuetas","No","La atención fue buena. En cuanto a la comida, muy buen producto y bien elaborado. Las cantidades nos parecieron escuetas. Cogimos carpaccio, tartar, baos, zamburiñas, bombones de foie..."
91,"Mariano Jeronimo Sanjuan Perez","4 reseñas","Hace 1 mes","","","Positivo","","Comida y servicio espectaculares, 100% recomendable","","No","Tanto la comida como el servicio fue espectacular. 100% recomendable!!!!"
92,"Juan Gabriel Alonso","Local Guide · 21 reseñas · 10 fotos","Hace 1 año","","","Positivo","","Comida espectacular, trato personal muy cercano, agradable y simpático","","Sí","Fantástica la comida y el servicio. Muy cercanos, agradables y simpáticos. La comida espectacular y estuvieron muy atentos."
93,"Carolina Blanco Gómez","4 reseñas","Hace 3 meses","Comida","","Positivo","","Comida increíble, trato genial de Jessica y Nein (Ney)","","No","La comida está increíble y Jessica y Nein nos han atendido genial. Volvemos seguro!"
94,"Clara Serrada","Local Guide · 202 reseñas · 769 fotos","Hace 4 años","","","Positivo","","Comida espectacular, gran creatividad y ejecución del chef","","No","No entiendo como este sitio no tiene más fama porque la comida es espectacular. Felicidades al chef por lo que consigue crear"
95,"João Saraiva","5 reseñas","Hace 3 meses","","","Positivo","","Comida muy rica, estupenda atención por parte de todo el equipo","","No","Todo estaba muy rico y la atencion de los empleados fue estupenda! Volveremos!"
96,"Borja Gonzalez","Local Guide · 17 reseñas · 1 foto","Hace 4 años","Cena","30-40 €","Positivo","","Sabores espectaculares, labor profesional brillante de Ney","","No","Un lugar magnífico donde aparte de degustar una maravilla de platos con sabores espectaculares para el paladar.... Resaltar sobre todo la profesionalidad del personal y hago un Inciso! NEY ES UN PROFESIONAL COMO UNA CATEDRAL, ATENTO..."
97,"Ivan Calle","Local Guide · 930 reseñas · 37 fotos","Hace 1 mes","Comida","30-40 €","Positivo","Carne","Carne maravillosa, muy buen servicio y comida","","No","La comida y el servicio muy bueno. La carne estaba maravillosa."
98,"rafael cascales sisniega","Local Guide · 149 reseñas · 862 fotos","Hace 2 años","","","Positivo","Torreznos","Torreznos espectaculares, experiencia general muy buena","","No","Buena experiencia. Torreznos espectaculares. El resto muy bien. Recomendable"
99,"JD Vivas","2 reseñas · 1 foto","Hace 1 año","","","Positivo","Encebollado","Plato excelente, trato y atención estupenda de Doris y Valeria","","No","Excelente encebollado y atención!! atendida por Doris y Valeria!"
100,"Patricia Madrazo","Local Guide · 37 reseñas · 1 foto","Hace 10 meses","Cena","40-50 €","Positivo","Ravioli, Pulpo, Platos fuera de carta, Postre","Maravillosa atención del encargado, sugerencias fuera de carta de gran nivel","","No","Fuimos a cenar un día entre semana, maravillosa atención, especialmente por parte del encargado. La comida de carta muy buena (ravioli, pulpo..), pero también recomiendo pedir platos de fuera de carta. ¡Y dejad un hueco para el postre!"
101,"Rocio Frejo","7 reseñas · 1 foto","Hace 11 meses","Cena","40-50 €","Positivo","","Experiencia estupenda recomendada por amigos, acierto seguro","","No","Estupendo, para repetir. Nos lo recomendaron unos amigos y ha sido todo un acierto."
102,"Ignacio SÁEZ","Local Guide · 380 reseñas · 1.606 fotos","Hace 5 años","","","Positivo","Tapas de autor","Tapas de nivel 'Top Chef', perfectas para darse un homenaje","","Sí","Simplemente perfecto merece la pena darse un homenaje dom sus tapas TOP chef"
103,"Concha Jódar","Local Guide · 215 reseñas · 239 fotos","Hace 4 años","","","Positivo","Vino Ribera de la casa","Platos exquisitos, personal muy amable, vino excelente","","Sí","Estuvimos cenando y todos los platos exquisitos, el personal muy amable y el vino Ribera de la casa muy bueno."
104,"MONICA IRACHE ALONSO ALVARADO","13 reseñas","Hace 5 meses","Cena","30-40 €","Positivo","","Buena comida, buena atención y relación calidad-precio razonable","","No","Hemos cenado muy bien, buenas comida, buenas relación calidad precio y la atención muy buena. Recomendable."
105,"Cristina Abel","Local Guide · 16 reseñas · 13 fotos","Hace 1 año","Comida","30-40 €","Positivo","","Comida y servicio estupendos, experiencia magnífica","","No","Magnífico!!! Servicio y comida estupendas, repetiremos"
106,"belen Garcia","Local Guide · 48 reseñas","Hace 7 meses","","","Positivo","Callos","Callos exquisitos, servicio impecable, calidad/precio muy razonable","","No","La verdad que ha sido todo un descubrimiento. Calidad de la comida excelente ( callos exquisitos). Servicio impecable. Volveremos seguro. Calidad / precio muy razonable."
107,"MARGOT ALMAZAN GONZALEZ","3 reseñas · 3 fotos","Hace 6 años","","","Positivo","Vinos seleccionados","Mezcla de texturas y sabores originales, gran carta de vinos, atención inmejorable de Óscar","","No","Uno de los mejores sitios de Pozuelo de Alarcón (Madrid) para degustar buena cocina a buen precio y con una cuidada y especial selección de vinos. La atención en el restaurante es inmejorable, especialmente la de Óscar..."
108,"Iván Hernández","Local Guide · 20 reseñas · 6 fotos","Hace 1 año","Comida","30-40 €","Positivo","","Buen ambiente para disfrutar de la comida con grupos de amigos","","No","La roca, un lugar donde disfrutar de la comida en un buen ambiente. Comí en este restaurante con un grupo de amigos."
109,"iago taibo corsanego Psicología positiva","Local Guide · 73 reseñas · 40 fotos","Hace 5 años","","","Positivo","Arroz con perdiz y carabineros, Vino","Platos muy originales, materia prima de calidad, vino excelente, buena resolución y compensación de errores","","No","Muy interesante. Habian cometido un error pero comoensaron muy bien. Excelente vino, platos muy originales y materia prima de clara calidad. Repetire! Arroz con perdiz y carabineros"
110,"Juan Ramón Esquivias","Local Guide · 28 reseñas · 2 fotos","Hace 7 meses","Comida","30-40 €","Positivo","","Comida estupenda, trato espectacular del equipo (toque rioplatense)","","Sí","Me cuesta dar 5 estrellas pero este restaurante se lo merece. Comida estupenda y trato espectacular. Uruguay y Argentina funcionan, felicidades."
111,"A RC","Local Guide · 24 reseñas · 3 fotos","Hace 3 años","","","Positivo","Platos de carta","Calidad muy buena en platos elaborados, trato de maravilla de Alejandro y Ney","","No","Alejandro y Ney nos trataron de maravilla. El servicio es excelente y la calidad de la comida muy buena. Platos elaborados a buen precio, volveremos sin duda."
112,"Marta Rodriguez","2 reseñas","Hace 1 año","Cena","20-30 €","Negativo","","","Presión del camarero para pedir más platos alegando que era poca comida","No","Fuimos a este restaurante con ganas de probar su comida, pero la experiencia no fue la deseada. Al principio, quisimos pedir una cantidad razonable de platos, pero el camarero nos insistió en que era muy poco para dos personas. Terminamos..."
113,"Santi Mera Benito","10 reseñas","Hace 10 meses","Comida","40-50 €","Positivo","","Camareros muy atentos y simpáticos, detalle de regalar el plato erróneo tras equivocación en comanda","Precio algo elevado respecto al volumen de las raciones","No","El servicio muy bien, muy atentos. Se equivocaron en una comanda y nos dejaron lo que trajeron (gratis) y luego nos trajeron lo correcto. Muy amables y simpáticos. Por otro lado un poco caro para la cantidad de comida. Recomendable"
114,"Laura LC","Local Guide · 58 reseñas · 75 fotos","Hace 3 años","","","Positivo","","Camareros muy atentos, comida muy rica, local con encanto","","No","Los camareros muy atentos, y la comida muy rica. Nos encantó el sitio. Volveremos !!!"
115,"Juan Pablo","Local Guide · 217 reseñas · 17 fotos","Hace 1 año","Comida","30-40 €","Positivo","Tortillitas de camarones, Arroz meloso negro, Platos fuera de carta","Tortillitas de camarones finas y no grasientas (las mejores de Madrid), arroz meloso sabroso, ricas sugerencias fuera de carta","","No","Excelente restaurante con una excepcional cocina. Las tortillitas de camarones, las mejores que he comido en Madrid, finas, de buen tamaño y nada grasienta. El arroz meloso negro riquísimo también. No pidas solo lo que está en la carta..."
116,"88 Canoko 88","4 reseñas","Hace 11 meses","Comida","30-40 €","Positivo","Albóndigas, Platos de picoteo","Formato de picoteo muy acertado y sabroso, albóndiga sobresaliente","","No","Hoy he venido a comer con la familia y nos ha sorprendido gratamente. Hemos probado el formato de picoteo y nos ha encantado. Todos los platos estaban deliciosos, pero personalmente recomiendo la albóndiga. Sin duda, volveremos."
117,"Marcelino Hidalgo","Local Guide · 19 reseñas · 39 fotos","Hace 4 años","","","Positivo","Menú celebración","Comida, atención y ambiente espectaculares para celebración familiar","","No","Comida del día de la madre... Todo espectacular, comida, atención, ambiente... REPETIREMOS"
118,"laura sancho","Local Guide · 76 reseñas · 23 fotos","Hace 1 año","Cena","50-60 €","Positivo","","Sitio acogedor, servicio súper atento y comida espectacular","","No","Sitio acogedor , Servicio super atento y comida espectacular !!"
119,"Paloma Fenoll","Local Guide · 52 reseñas · 15 fotos","Hace 10 meses","Comida","10-20 €","Positivo","Menú de mediodía (19.90€ con bebida y postre/café)","Menú de mediodía muy variado y apetecible, trato muy atento, ambiente agradable","","No","Hemos comido el menú de mediodía. 19.90€ con bebida y postre o café. Muchos platos muy para elegir todos muy apetecibles. Lo que hemos comido todo muy rico. El servicio muy atento y el local muy agradable. Volveremos seguro"
120,"Alejandro Martín","Local Guide · 165 reseñas · 42 fotos","Hace 11 meses","","","Positivo","Platos a la brasa","Comida muy sabrosa, especialmente los productos a la brasa","","No","Teníamos ganas de venir a conocerlo y no nos defraudó. La comida muy rica, destacando todo el producto a la brasa."
121,"Javier Cerezo Solano","2 reseñas","Hace 3 meses","","","Positivo","","Servicio muy bueno por parte de los camareros, atención destacada de Jessica","","No","Muy bien servicio por parte de todos los camareros. Gracias a Jessica por su atención"
122,"Joaquin Rodriguez","Local Guide · 384 reseñas · 698 fotos","Hace 2 meses","Cena","40-50 €","Positivo","","Comida excelente y trato del personal muy agradable","","No","Comida excelente y un trato por parte del personal muy agradable Recomendado 100x100"
123,"javier cerezo","Local Guide · 30 reseñas · 10 fotos","Hace 3 meses","Comida","Más de 100 €","Positivo","","Comida muy buena y gran servicio de Jessica","","No","Muy buena comida y servicio por parte de Jessica. Muchas gracias!"
124,"Óscar Utrilla Santos","Local Guide · 118 reseñas · 33 fotos","Hace 1 año","Cena","30-40 €","Positivo","Ensaladilla con atún, Torreznos","Excelente relación calidad-precio en Pozuelo, ensaladilla y torreznos muy ricos","","No","Muy recomendable, calidad precio lo mejor de la zona. El entrante de ensaladilla con atún nos encantó, los torreznos muy sabrosos..."
125,"Jose Navajas Helguero","6 reseñas","Hace 1 año","Comida","20-30 €","Positivo","Platos pequeños variados","Atención educada y rápida sin reserva, formato de tapas ideal para probar variedad, precio razonable","","No","Fue una experiencia muy agradable; nos sentaron enseguida, sin necesidad de reserva. El personal fue atento y educado, y la comida de excelente calidad a un precio más que razonable. La mayoría de los platos son pequeños..."
126,"María C","9 reseñas · 13 fotos","Hace 1 año","Comida","40-50 €","Positivo","Postres","Comida muy rica, cuidada presentación y postres de calidad","Raciones de ciertos platos escasas para su coste","No","La comida muy rica, elaborada y presentada. Algunos platos son escasos en ración y algo caro. Postre muy rico"
127,"Alberto Jorge","Local Guide · 177 reseñas · 334 fotos","Hace 2 años","Comida","30-40 €","Positivo","Tapas y raciones","Profesionalidad, cercanía y amabilidad de los camareros, gran calidad de las tapas","","No","Justo balance entre amabilidad, cercanía y profesionalidad de los camareros, y estupenda calidad de las tapas y raciones. Para volver varias veces más."
128,"Jorge Pallarés","Local Guide · 56 reseñas","Hace 2 años","Comida","40-50 €","Positivo","","Calidad constante a lo largo de los años en ambos locales, servicio atento y educado","","No","Buena cocina, hemos ido ya más de 7-8 veces a lo largo de los años, incluso al local anterior, y la verdad es que siempre hemos salido satisfechos con la calidad de los platos. El servicio es atento y amable. Es una muy buena opción..."
129,"Cristina Gómez Mirón","Local Guide · 24 reseñas · 17 fotos","Hace 1 año","Comida","","Positivo","Huevo Rossini, Tapas pequeñas","El formato de pequeñas tapas individuales es un acierto rotundo frente a platos mayores","Platos fuera del formato de tapas con calidad algo irregular","No","Hemos estado muchas veces probando cosas distintas y siempre había algo que no estaba a la altura del resto. Hoy hemos comido solo de las pequeñas tapas que es lo mejor del restaurante y todo un acierto! Para dos personas: 1 huevo Rossini..."
130,"Alba Zapata","9 reseñas","Hace 11 meses","Cena","40-50 €","Positivo","","Servicio impecable desde la llegada, atención cercana y comida deliciosa","","No","¡Una experiencia culinaria excepcional en La Roca! Desde el momento en que llegamos, el servicio fue impecable. El personal es amable, atento y realmente se preocupa por ofrecer la mejor atención a sus clientes. La comida es deliciosa..."
131,"JL Fernández","9 reseñas · 2 fotos","Hace 5 meses","Comida","30-40 €","Positivo","Postres","Todo muy rico, incluyendo los postres","","Sí","¡Muy rico todo! Hasta el postre. Gracias, seguro volveremos."
132,"Maria Gomez Gomez","5 reseñas","Hace 1 año","","","Positivo","Postres variados","Comida excepcional, postres brutales, atención inmejorable de Ney durante toda la velada","","No","100% recomendado!! Fuimos cuatro personas y quedamos encantados en este sitio. La comida excepcional, estaba todo buenísimo!! Los postres brutales, y el trato del personal inmejorable, a destacar Ney..."
133,"Koko S","Local Guide · 152 reseñas · 984 fotos","Hace 9 años","","","Positivo","Platos gastrobar","Comida muy sabrosa, atención excelente del encargado Óscar","","No","Un sitio donde todo está muy rico y el servicio es excelente, mención al encargado Oscar que está pendiente de que tengas una buena experiencia en este gastro bar. Muy recomendable."
134,"Maripi","Local Guide · 128 reseñas · 21 fotos","Hace 3 meses","","","Positivo","Platillos variados","Sitio acogedor, platillos muy ricos","","No","Sitio acogedor. Platillos muy ricos. Volveré"
135,"Antonio Santana","14 reseñas","Hace 9 meses","Cena","50-60 €","Positivo","","Local muy acogedor, comida excelente, trato humano inmejorable","","No","Hoy hemos descubierto este lugar y es increíble. Lugar muy acogedor, comida excelente pero lo mejor el trato del personal. Recomendable 100%"
136,"Iván Serrano","10 reseñas","Hace 1 año","Comida","30-40 €","Positivo","Platos recomendados","Comida amena, recomendaciones acertadas y trato muy profesional de Ney","","No","Una experiencia muy agradable. Ney la persona que nos atendió un gran profesional nos hizo la comida muy amena y nos asesoró muy bien."
137,"miguel angel osorio","Local Guide · 140 reseñas · 11 fotos","Hace 1 año","","","Positivo","","Platos abundantes y exquisitos, esmerado servicio de mesa, ambiente relajado","","No","He ido con mi chica a cenar y no puedo más que felicitarles por sus exquisitos y abundantes platos, su esmerado servicio de mesa y su ambiente relajado y agradable. Volveré pronto con toda la familia!!!"
138,"Alejandro Gómez Sanchez","Local Guide · 46 reseñas · 6 fotos","Hace 4 años","","","Positivo","","Calidad del producto increíble, personal muy atento y profesional","","Sí","Gran descubrimiento. Me vine a vivir a pozuelo y mis vecinos me lo recomendaron. Gran atención de todo el servicio muy profesionales y una calidad del producto increíble. Más que recomendado"
139,"Ignacio Coloma Garrido","Local Guide · 16 reseñas","Hace 9 meses","Comida","30-40 €","Positivo","","Platos exquisitos y originales, relación calidad-precio excepcional, servicio impecable","","No","Restaurante sumamente recomendable. Comida exquisita y sorprendente. La relación calidad precio es excepcional y el servicio impecable."
140,"Veronica Lopez","Local Guide · 81 reseñas · 91 fotos","Hace 4 años","","","Positivo","","Comida excelente, trato estupendo y buen precio","","Sí","Excelente comida, trato y buen precio. Volveremos"
141,"Beatriz","Local Guide · 13 reseñas · 6 fotos","Hace 1 año","Comida","30-40 €","Negativo","Tartar de atún","Presentación cuidada","Comida escasa y sin sabor, tartar de atún insípido","No","Estábamos de paso y vinimos por las reseñas pero nos defraudó, la comida escasa y prácticamente sin sabor, muy buena presentación eso sí, pero para nada sabrosa. El tartar de atún tiene un..."
142,"Perfect Pixel Publicidad","Local Guide · 66 reseñas · 465 fotos","Hace 8 años","","","Positivo","","Comida de máxima calidad, trato del personal de diez","","No","Uno de los mejores sitios de Pozuelo para comer calidad y con un trato del personal de 10"
143,"Andrés","Local Guide · 45 reseñas · 81 fotos","Hace 3 meses","","","Positivo","","Gran atención de Jessica y el gerente del local","","No","Gran atencion por parte de Jessica y el gerente del local."
144,"Andrea Del Pino","Local Guide · 24 reseñas · 4 fotos","Hace 1 año","Cena","50-60 €","Positivo","Chuletón matizado, Bombones de foie","Entrantes deliciosos para compartir, atención y servicio sobresaliente de Ney","","No","Estuvimos el sábado por la noche cenando, nos atendió Ney y no pudimos tener mejor servicio! Pedimos varios entrantes para compartir y los favoritos fueron el chuletón matizado y los bombones de foie..."
145,"Carlos Garrido","Local Guide · 12 reseñas","Hace 1 año","Comida","30-40 €","Positivo","","Trato genial del personal, inmejorable relación calidad-precio","","No","He estado ya dos veces estos últimos meses y es una experiencia muy buena. El trato del personal es genial y la relación calidad-precio de lo mejor que puedes encontrar. Lo recomendaría sin dudar"
146,"Armando Ramirez","Local Guide · 36 reseñas · 6 fotos","Hace 1 año","","","Negativo","","Comida aceptable sin ser brillante","Mala actitud de servicio, rigidez y poca empatía al solicitar cambio de mesa","No","Buena comida pero nada excepcional y mala actitud de servicio. Reservamos mesa y nos asignaron una en pegada a la pared. Solicitamos una más al centro para ver el partido, nos comentan que es para reserva..."
147,"Diego Alexander Martínez Rios dmartinezr","Local Guide · 16 reseñas · 12 fotos","Hace 1 año","","","Positivo","Tapas para compartir","Sitio ideal para compartir comida","","No","Muy buen sitio para compartir!"
148,"Ramiro de Piñera Pons","1 reseña","Hace 3 meses","Cena","30-40 €","Positivo","","Comida muy rica, excelente atención de Jessica","","No","Comimos muy bien atendidos por Jessica."
149,"E. Roobaert","Local Guide · 46 reseñas · 3 fotos","Hace 1 año","Cena","20-30 €","Negativo","Pulpo a la brasa, Chipirones, Ensalada de tomate, Tarta de queso de chocolate, Helados","Local agradable, chipirones y ensalada de tomate correctos","Servicio extremadamente lento en todos los pasos, pulpo chicloso, tarta de queso de chocolate y helados totalmente insípidos","No","El sitio es agradable pero el servicio es lentísimo. Para pedir, para traer la comida, hasta para cobrar… el pulpo chicloso, los chipirones bien y la ensalada de tomate correcta. Pero no pidáis la tarta de queso de chocolate porque no vale nada. Nos costó reconocer los sabores de los helados..."
150,"Ana","14 reseñas · 2 fotos","Hace 1 año","","","Negativo","Aperitivo","","Les trajeron la cuenta y les apuraron para marcharse antes de acabar la consumición en un comedor casi vacío","No","Preguntamos si podíamos tomar un aperitivo pues habíamos quedado para comer y queríamos ver el sitio recomendado. Nos sentaron dentro solo había una mesa ocupada. Antes de que termináramos el aperitivo nos trajeron la cuenta diciendo q la mesa estaba reservada..."
151,"Alberto De Lucas Pérez","Local Guide · 28 reseñas · 1 foto","Hace 1 año","Comida","Más de 100 €","Positivo","","Gran descubrimiento gastronómico, experiencia de primer nivel para clientes exigentes","","Sí","Soy Alberto De Lucas actor y por motivos profesionales viajo desde Bilbao a Madrid mucho. Descubrir la Roca ha sido todo una sorpresa."
152,"Jorge Duque Silva","Local Guide · 54 reseñas · 36 fotos","Hace 2 años","","","Positivo","","Atención y comida estupenda, merecida mención en la Guía Michelin","","No","Atención y comida estupenda ! Digna mención en la Guía Michelin, sin duda repetiremos"
153,"Ana Zuriarrain","Local Guide · 26 reseñas · 7 fotos","Hace 1 año","Comida","20-30 €","Positivo","Alcachofas","Alcachofas espectaculares, comida riquísima, trato excelente de Ney","","No","Nos ha sorprendido este sitio al que nunca habíamos venido! Todo riquísimo en concreto, las alcachofas nos parecieron espectaculares. La atención de nuestro camarero Ney fue excelente! Volveremos seguro!"
154,"Juan Carlos CH","Local Guide · 28 reseñas · 11 fotos","Hace 1 año","Cena","40-50 €","Negativo","Chipirones descongelados, Arroz de microondas, Salsa mayonesa de bote, Agua del grifo","","Carísimo (80€ cena), chipirones congelados con arroz de microondas, mayonesa industrial, malas formas al pedir agua de grifo","No","Carísimo para lo que ofrece. 80€ por una cena en la que uno de los platos eran unos chipirones descongelados sobre un arroz brillante del microondas y una salsa de mayonesa Heinz. Y para colmo, a la hora de pedir una jarra de agua de malas formas..."
155,"Mariana Herrera","Local Guide · 69 reseñas · 9 fotos","Hace 1 año","Cena","","Positivo","Platos variados de carta","Comida fresca y sabrosa, servicio muy amable aconsejando cantidades y platos","","No","Excelente comida, pudimos probar muchas cosas de la carta y todo exquisito. La atención es para destacar, súper amables y nos recomendaron platos y cantidades. Fresco y con mucho sabor"
156,"Blanca Moratilla","Local Guide · 48 reseñas","Hace 1 año","","","Negativo","Cerveza sin alcohol, Vino Verdejo","Camareros amables que intentan esmerarse","Comedor muy ruidoso, sin vino rosado ni cava por copas, precios abusivos en bebida (4,95€ cerveza sin alcohol, 4,10€ verdejo)","No","Local ruidoso. Los camareros se esmeran lo que pueden pero hay carencias como que no hay rosado por copas, supongo que cava tampoco. En una zona de esa categoría y sobre todo con esos ¡¡precios!! ( sin alcohol 4,95€, verdejo 4,10€) no es de recibo..."
157,"Rafael Timermans","Local Guide · 47 reseñas · 16 fotos","Hace 7 meses","Comida","40-50 €","Positivo","Carrilleras, Arroz meloso, Zamburiñas","Platos sabrosísimos, atención perfecta","","No","Las carrilleras, el arroz meloso, las zambullas… Rico hasta decir, basta. Y la atención perfecta. Recomendable."
158,"CARLOTA DE PIÑERA MARTIN","7 reseñas","Hace 3 meses","Cena","30-40 €","Positivo","","Atención perfecta y muy amable de Jessica","","No","Jessica nos ha atendido perfectamente! Muy recomendable"
159,"Kike Roldán","1 reseña · 1 foto","Hace 1 año","","","Positivo","","Excelente servicio, experiencia sumamente recomendable","","No","Excelente servicio, super recomendable!"
160,"Angie Arbelaez","5 reseñas","Hace 1 año","Comida","20-30 €","Positivo","","Ambiente tranquilo y cómodo para familias, cuidada presentación y sabor estupendo, servicio atento","","No","Excelente servicio al cliente, los camareros muy atentos, un sitio muy cómodo, brinda tranquilidad y el poder compartir en familia. La comida con una excelente presentación y un sabor estupendo. Gracias"
161,"Nacho M R","Local Guide · 34 reseñas","Hace 11 meses","Cena","30-40 €","Positivo","","Comida y atención dignas de estrella Michelin","","No","Todo estaba muy bueno. Para mí es un restaurante de por lo menos 1 estrella Michelín, y. La verdad es que yo disfruté mucho y aparte, nos atendieron muy bien."
162,"Paz García","Local Guide · 21 reseñas","Hace 2 años","","","Negativo","","","Cantidades ridículas (52€ 2 personas sin comer casi nada), pésima relación calidad-precio frente a competidores cercanos","No","52€ 2 personas para no comer casi nada. Le pongo una estrella a la comida, porque no es que esté mal, es que la cantidad es RIDÍCULA. Pésima calidad-precio. Tienes el ochenta grados muy cerca, vale la mitad y además la calidad y el sabor es..."
163,"Nerea Eloy Giménez","Local Guide · 31 reseñas · 17 fotos","Hace 1 año","Comida","20-30 €","Negativo","Bao de cochinita pibil, Croquetas, Bocadillo de calamares","Servicio muy bueno","Raciones diminutas a precios desorbitados, bao decepcionante, bocadillo de calamares muy deficiente, croquetas sin destacar","Sí","Nada espectacular. Raciones pequeñas a precios desorbitados. El bao de cochinita pibil nos decepcionó mucho, las croquetas buenas pero sin más, y el bocadillo de calamares dejó mucho que desear. El servicio muy bien"
164,"Zuheil Lopez Guerra","9 reseñas · 2 fotos","Hace 9 meses","Cena","50-60 €","Positivo","","Ambiente acogedor para familias, atención amable y comida deliciosa","","No","El ambiente es acogedor y Perfecto para disfrutar en familia. La atención fue muy amable desde el principio y la comida deliciosa."
165,"Javier Martínez","Local Guide · 220 reseñas · 69 fotos","Hace 7 meses","","","Mixto","","Comida muy rica, servicio general rápido y amable","Formas toscas o desabridas de un camarero senior","No","La comida muy buena y el servicio muy amable y rápido. Algo peor un señor más mayor debería mejorar sus formas"
166,"Álvaro Pérez","7 reseñas","Hace 2 años","Comida","20-30 €","Mixto","Platos individuales para compartir","Comida bien elaborada y de buena materia prima","Raciones escasas, servicio excesivamente acelerado y discusiones ruidosas entre los propios empleados","No","La comida muy bien elaborada y de calidad pero escasa. Está pensado para compartir y pedir un plato individual pero esperaba más cantidad. Lo que menos me ha gustado ha sido el servicio, atentos, pero todo muy rápido, discusiones entre los empleados..."
167,"Alicia Ortega","Local Guide · 50 reseñas · 12 fotos","Hace 2 años","Comida","30-40 €","Negativo","Hamburguesas","","Cocina completamente desbordada en fin de semana, platos servidos a destiempo y desordenados","No","Habiendo visto las reseñas, nos esperábamos más. Estuvimos comiendo el sábado dos familias y la cocina estaba desbordada. Los platos salían desordenados (pedimos 4 hamburguesas y sacaron 3, para la cuarta tuvimos que esperar)..."
168,"I C","Local Guide · 50 reseñas","Hace 2 años","Comida","30-40 €","Positivo","Café","Platos creativos, originales y sabrosos, servicio rápido y amable","Sillas duras e incómodas, café muy normalito","No","Un sitio muy recomendable para comer bien y probar platos que se salen de lo habitual. Preparaciones muy originales y sabrosas, con un toque creativo siempre, pero muy acertadas. Servicio rápido, atento y muy amable. Lo único que desentona un poco es el café... Las sillas son un poco duras."
169,"Sonsoles Manero","9 reseñas · 1 foto","Hace 2 años","Comida","30-40 €","Negativo","","","Demoras excesivas para servir la comida en días de alta afluencia","No","Salimos decepcionados. Íbamos con expectativas por las buenas reseñas, pero nuestra experiencia fue regular. Fuimos un domingo en que el restaurante estaba más o menos lleno, tardaron muchísimo en servirnos la comida."
170,"Ojka","Local Guide · 179 reseñas · 250 fotos","Hace 4 años","Comida","","Positivo","Tapas","Excelente para tapeo, carta dinámica y actualizada, terraza cerrada confortable","","Sí","Excelente para tapeo y comer, siempre actualizando la carta. Terraza cerrada, buen servicio, recomendable"
171,"Arturo Rodríguez","Local Guide · 120 reseñas · 144 fotos","Hace 4 años","","","Positivo","","Buen producto, elaboraciones divertidas e innovadoras, trato cercano y precio asequible","","Sí","Una sorpresa! Buen género, mejores elaboraciones. Muy divertido, como no se ve fuera de Madrid pero mucho más cercano y asequible, estupenda relación calidad-precio."
172,"mariana lafita","Local Guide · 20 reseñas · 10 fotos","Hace 1 año","","20-30 €","Positivo","Pintxos para compartir","Platos originales y pintxos fáciles de compartir, servicio súper rápido y atento","","No","Buenísima comida, tiene platos muy diferentes y pintxos fáciles para compartir. Nos trataron fenomenal y súper rápido. Nos encanta!!"
173,"Begoña C","Local Guide · 16 reseñas · 2 fotos","Hace 1 año","Cena","30-40 €","Negativo","Carne, Focaccia","","Comida con exceso de sal, carne de baja calidad, focaccia dura como una suela e incomible","No","No me ha gustado nada. Comida llena de sal, carne de mala calidad, focaccia que era una suela de zapato tambien inmasticable y sin sabor a nada, . No me ha gustado nada."
174,"Miguel Angel","Local Guide · 35 reseñas · 17 fotos","Hace 2 años","Cena","20-30 €","Positivo","Tortilla de Betanzos, Sardinas, Bombones de foie y membrillo, Taco","Tapas frías y tortilla extraordinarias","","No","No suelo poner reseñas de este tipo, pero haré una excepción con La Roca. Primera vez que iba y me encantó. Pedimos tortilla de Betanzos y tres tapas frías: la de sardinas, los bombones de foie y membrillo y el taco. Todo extraordinario..."
175,"Enrique Aracil (AGS)","Local Guide · 184 reseñas · 548 fotos","Hace 2 años","","","Negativo","Pulpo a la brasa, Croquetas, Torrija con helado de violeta","","Pulpo duro recalentado en microondas, croquetas terribles, torrija sin gracia, local con pretensiones vacías","No","Un sitio más, solo con pretensiones. Mala calidad de la comida. El pulpo a la brasa, pésimo, duro (quizás calentado al microondas, un sacrilegio), en un mal concepto de plato. Terribles croquetas. La torrija con helado de violeta.....sin gracia"
176,"Alicia Sierra","Local Guide · 55 reseñas · 82 fotos","Hace 4 años","Cena","30-40 €","Positivo","Hamburguesa","Hamburguesa espectacular, comida muy sabrosa","","No","Muy rico todo. La hamburguesa está espectacular."
177,"Fabian Juanes","Local Guide · 41 reseñas · 16 fotos","Hace 3 años","Cena","30-40 €","Positivo","","Cocina excelente, presentación cuidada, esfuerzo de sala por acomodar sin reserva previa","","Sí","No decepciona, acierto seguro. Conocíamos este restaurante de otra ocasión y ya nos encantó. Hoy siendo complicado tener mesa sin reserva, hicieron lo posible para finalmente poder darnos una mesa. La carta, todo buenísimo..."
178,"Begoña Rubio","Local Guide · 20 reseñas","Hace 1 año","","","Positivo","","Comida y atención excelentes, servicio de cocina y mesa muy rápido","","No","Excelente comida y excelente atención por parte del personal. Nos han atendido muy rápido y nos han traído la cena igual de rápido. ¡Volveremos!"
179,"GEMA LAMOR","Local Guide · 199 reseñas · 59 fotos","Hace 3 años","Cena","20-30 €","Negativo","Agua del grifo","Comida rica","1 hora y media de espera para 4 platos pequeños, problemas para servir la jarra de agua reglamentaria","Sí","La comida buena, pero hay que venir con mucho tiempo. Han tardado para 4 platos pequeñas para 4 personas 1 hora y media. Pedimos agua, que es obligatorio que te pongan una jarra, nada más llegar..."
180,"Glo JB","Local Guide · 70 reseñas · 54 fotos","Hace 7 años","","","Positivo","Menú de un plato con bebida y postre","Plato contundente con ingredientes de calidad, local pequeño y acogedor","","No","Menú de un plato con postre y bebida, contundente, con ingredientes de calidad, sitio chiquitito pero muy agradable."
181,"Elena Gomá Garcés","Local Guide · 50 reseñas · 24 fotos","Hace 7 meses","","","Positivo","Tapas de alta cocina","Tapas de alta cocina deliciosas y muy recomendables","","No","Tapas de alta cocina muy ricas. Muy recomendable."
182,"Amparo Fernández Benito","Local Guide · 33 reseñas · 17 fotos","Hace 3 años","Comida","40-50 €","Positivo","Platos de carta y sugerencias","Atención inmejorable, platos deliciosos, camareros explicando las opciones fuera de carta","","No","Repetiría sin dudarlo! Estuve celebrando mi cumpleaños con mi familia y la atención fue inmejorable. Hacía tiempo que no disfrutaba tanto en un restaurante. Todo lo que pedimos de la carta estaba buenísimo."
183,"Vic RA","Local Guide · 19 reseñas · 5 fotos","Hace 2 años","Comida","40-50 €","Mixto","Tapas de autor","Comida rica, sabores originales, buen servicio","Precios altos para cantidades pequeñas; no apto para ir con mucho apetito","No","La comida está muy rica y tienen una carta de tapas para poder probar sabores originales. Buen servicio. El precio es elevado en relación a las cantidades, por lo que si vas con mucha hambre, la cuenta se dispara."
184,"Dani Crespo","14 reseñas","Hace 1 año","","","Positivo","","Calidad excepcional, platos muy elaborados y trato muy cercano","","Sí","Excelente servicio, toda la comida de una calidad excepcional. Platos muy elaborados y trato muy cercano. Totalmente recomendable."
185,"Bea G.","Local Guide · 417 reseñas · 1.190 fotos","Hace 2 años","Comida","40-50 €","Positivo","Postres","Materia prima inmejorable, excelente relación calidad-precio, postres espectaculares","","No","He estado 2 veces y me encanta. Una cocina con unos ingredientes inmejorables. Alta calidad y buen precio. Todo esta increíble y es super importante probar los postres, que estan de lujo."
186,"Cb","8 reseñas","Hace 4 años","","","Positivo","Patatas bravas, Carnes, Postres","Camareros atentísimos y educados, bravas originales con salsas diferentes, carnes y postres de 10","","No","Uno de los mejores restaurantes de Pozuelo. El trato exquisito. Los camareros atentísimos, muy agradables. De aperitivo pedimos unas patatas bravas y la mezcla de salsas estaba muy rica, diferente..La carne espectacular y los postres también."
187,"Vicky Bedon","Local Guide · 28 reseñas · 4 fotos","Hace 1 año","Comida","40-50 €","Positivo","Platos de mercado","Relación calidad-precio excepcional, platos con toque especial, camareros diligentes (mención a Martin)","","No","Un restaurante con una relación calidad-precio excepcional. Platos de mercado con un toque muy especial. El servicio no se queda atrás, todos los camareros muy diligentes especialmente Martin. Para repetir."
188,"Oscar Gonzalez","Local Guide · 354 reseñas · 329 fotos","Hace 1 año","Cena","30-40 €","Positivo","Torreznos, Bocata de calamares","Torreznos 'top', bocata de calamares y platos deliciosos","Servicio algo desbordado en fines de semana de alta ocupación","No","Buena experiencia si bien es cierto que algún fin de semana está desbordado y precisarían apoyo extra. Torreznos top, bocata de calamares…. Todo muy rico."
189,"Jaime Jinete","Local Guide · 12 reseñas · 12 fotos","Hace 1 año","Cena","50-60 €","Negativo","","","Cancelación unilateral de mesa reservada con días de antelación por no responder llamadas de confirmación","Sí","Nos imcumplieron la reserva y poco friendliness. Reservamos una mesa, en persona, desde el día Jueves para el Domingo día de las Madres. Al llegar a la reserva encontramos que había sido cancelada porque llamaron del restaurante..."
190,"Oula Eventos","4 reseñas","Hace 1 año","Comida","30-40 €","Positivo","Tapas, Platillos","Gran variedad de tapas y platillos, atención constante y muy buena","","No","Excelente experiencia, Gran variedad de tapas y excelentes el apartado de plato y platillos. Muy buena atención en todo momento."
191,"Stephanie Casella","Local Guide · 77 reseñas · 53 fotos","Hace 2 años","Cena","","Positivo","","Ambiente acogedor, presentación y sabor increíbles, atención espectacular de Ney y Martín","","Sí","Ambiente acogedor y trato espectacular del personal. Me gustaría destacar la labor de Ney y Martín, estuvieron súper atentos con nosotros y fueron muy amables. La presentación de platos fue excelente y el sabor... increíble."
192,"Juan García","5 reseñas · 1 foto","Hace 4 años","","","Positivo","Huevo Rossini con trufa, boletus y foie","Huevo Rossini espectacular y redondo en sabor","","No","Espectacular! Huevo Rossini. Trufa, boletus y foie"
193,"Ana Camacho","Local Guide · 64 reseñas · 28 fotos","Hace 1 año","Cena","40-50 €","Positivo","Chuletón matizado, Empanadilla criolla","Camareros súper atentos (destacando a Ney), chuletón y empanadillas deliciosas","","No","Hemos cenado aquí, y ha sido todo espectacular. Todos los camareros fueron muy atentos en especial Ney, recomendamos el chuletón matizado, la empanadilla criolla y todo porque gracias al servicio te dan ganas de volver!"
194,"Begoña Palomera","8 reseñas · 5 fotos","Hace 1 año","","30-40 €","Positivo","","Servicio excelente, ambiente agradable, muy buen producto y relación calidad-precio óptima","","No","Excelentes servicio buen ambiente y muy buen producto y mejor cocina, La relación calidad precio excelente!!! Muy recomendable. Hasta pronto!!"
195,"Santiago Sanz","5 reseñas","Hace 3 años","Cena","30-40 €","Positivo","","Calidad altísima de cocina, precios ajustados, servicio perfecto sin fallos","","No","La comida de buenisima calidad y buen precio. Servicio excelente, ningún pero. Recomiendo totalmente ir a este restaurante."
196,"Jorge Barrionuevo","Local Guide · 15 reseñas · 1 foto","Hace 5 años","","","Negativo","Vino Malbec reserva","Local bonito, único punto rescatable el vino Malbec reserva","Servicio lento y desatento, falta de copas limpias por atasco en lavavajillas, comida escasa y carta de vinos deficiente","No","Si te quieres engañar, va bien. Sitio bonito. Grandes pretensiones... y termino de leer. Servicio poco atento y lento. Nos sirven el vino y nos dicen que: 'No hay copas hasta que salgan del lavavajillas'... Comida por lo general buena pero escasa. Carta de vinos lamentable."
197,"Luma","Local Guide · 133 reseñas · 13 fotos","Hace 2 años","Cena","40-50 €","Mixto","Torreznos, Chuletón con patatas y pimientos","Torreznos espectaculares, servicio de camareros atento","Tuvieron que reclamar un plato varias veces; las guarniciones del chuletón se cobran aparte sin avisar","No","Estaba todo muy rico. La atención excelente aunq uno de mis platos hubo q reclamarlo varias veces. Los torreznos espectaculares. La pega q pongo es q al pedir el chuletón te traen pimientos y patatas, pero se olvidan decirte q no van incluidos..."
198,"Manuel Serrano","Local Guide · 115 reseñas · 507 fotos","Hace 7 años","","","Mixto","Arroz con langostinos","Terraza muy agradable y servicio muy rápido en primera visita","Precio algo elevado; arroz con langostinos insípido en segunda visita","Sí","Terraza agradable y comida muy rica. El servicio muy rápido. Si fuera un poco más barato sería difícil de superar. En la segunda visita el asunto fue distinto. Arroz con langostinos insípido."
199,"Nacho Martín","Local Guide · 108 reseñas · 69 fotos","Hace 5 años","","","Positivo","","Decoración acogedora, buen aislamiento acústico, comida rica y atención impecable","","No","Muy buen sitio. Decoración agradable, bien aislado de ruido. Comida muy rica y muy buen atendido."
200,"Soledad Tamariz-Martel","Local Guide · 260 reseñas · 218 fotos","Hace 3 años","Cena","","Positivo","","Buena cocina, ambiente acogedor, terraza muy agradable","Trato de los encargados algo mejorable en simpatía en ocasiones puntuales","No","Buena cocina y ambiente, la terraza es muy agradable. El trato de los encargados siempre ha sido adecuado, aunque algunas vez he sentido que pueden mejorar la amabilidad. Recomiendo el lugar por su comida y ambiente"
201,"ALMUDENA ALISES NIÑO","1 reseña","Hace 1 año","","","Positivo","Platos recomendados","Comida y servicio excelentes, recomendaciones perfectas de Ney","","No","Un sitio para repetir, comida y servicio excelente. Las recomendaciones de Ney inmejorables."
202,"Francisco Serrano","Local Guide · 23 reseñas · 5 fotos","Hace 3 años","","50-60 €","Positivo","","Atención magistral de Ney (conoce la carta de memoria), calidad y mimo culinario sobresalientes","","No","Increíble cena de aniversario. Nos atendió Ney -un verdadero profesional, se sabe la carta de memoria y es muy atento- seguimos todas sus recomendaciones y salimos encantados. La calidad y el mimo de los platos es muy notable. Repetiremos seguro"
203,"Ruben Chacon","Local Guide · 21 reseñas · 27 fotos","Hace 2 años","Cena","30-40 €","Positivo","Chuletón matizado","Platos sabrosos, chuletón matizado excelente","","No","Muy bien el sitio este 👌🏽 Sobre todo el Chuletón matizado de diplodocus liliputiense. Ver foto."
204,"bvamorales","Local Guide · 38 reseñas · 10 fotos","Hace 4 años","","","Positivo","","Elaboraciones exquisitas, buen producto, camareros explicando detalladamente cada plato y muy atentos","","Sí","Exquisitas elaboraciones y buen producto en todos los platos. Un servicio de atención excelente donde te explican cada plato que te están sirviendo y donde están pendientes de todo para que no te falte de nada."
205,"Álvaro Benito","8 reseñas","Hace 3 años","Cena","40-50 €","Positivo","Platos fusión","Ambiente inmejorable, camareros simpáticos con grandes recomendaciones, propuesta fusión muy cuidada","","No","Restaurante con un ambiente inmejorable, camareros muy atentos y amables, siempre con una sonrisa y haciendo grandes recomendaciones. La carta está muy cuidada, con énfasis en cocina fusión..."
206,"Pablo Romero","9 reseñas · 3 fotos","Hace 11 meses","Cena","40-50 €","Positivo","Platos para compartir","Personal súper agradable y atento, comida riquísima ideal para degustar muchos platos","","No","Es la 4ª o 5ª vez que vamos y siempre salimos muy contentos, personal super atento y agradable. Comida riquísima, perfecto para comer muchos platos"
207,"Fernando Conde","Local Guide · 129 reseñas · 168 fotos","Hace 3 años","Comida","20-30 €","Mixto","","Servicio eficiente y agradable, ambiente y decoración confortables","Altibajos culinarios en algunos platos, precios desmedidos","No","Lo cierto es que La Roca es un sitio muy disfrutable: muy buen servicio, eficiente y agradable, buena comida en general, ambiente y decoración agradables... Lo que ocurre es que el mix tiene altibajos y los precios se van totalmente."
208,"Antonio Sanz","7 reseñas","Hace 3 años","","","Positivo","Tapas para compartir","Variedad de sabores y propuestas creativas para compartir, excelente atención","","No","He ido varias veces y siempre resulta una muy buena y novedosa experiencia. Variedad de sabores y platos ideal para compartir. Dejarse aconsejar es un acierto. Excelente trato."
209,"Luisa Pérez García","8 reseñas · 4 fotos","Hace 1 año","Cena","20-30 €","Positivo","Menú cerrado de grupo","Comida deliciosa, raciones generosas en menú de grupo, personal de 10","","No","Estuve cenando hace unas semanas. Fuimos un grupo con un menú cerrado y no pudo estar mejor. La comida deliciosa y bien de cantidad. Y todo el personal de 10."
210,"Alberto Garcia","Local Guide · 17 reseñas · 3 fotos","Hace 1 año","Cena","","Negativo","","Comida rica","Servicio muy lento, se les cayó comida a la mesa y no la limpiaron ni se disculparon","Sí","Comida rica, pero el servicio realemente malo. Muy lento. A la hora de servir, se les cayo por ejemplo comida a la mesa y ni un intento de solucionarlo o pedir disculpas, en la mesa se quedo.... Realmente mal"
211,"Fernando Rodriguez Romero","Local Guide · 85 reseñas · 19 fotos","Hace 4 años","","","Positivo","Tapas y platillos","Cocina fina con toques de fusión, servicio amable y rápido","","No","Se trata de un restaurante de tapas y platos por lo general pequeños. La cocina es fina, con un toque fusión a veces, y muy rica. El servicio es amable y rápido y creo que el dueño hace de maitre."
212,"Carolina SG","Local Guide · 332 reseñas · 1.880 fotos","Hace 4 años","","","Mixto","Guiso de rabo de toro","Guiso de toro muy recomendable, buena atención con explicaciones de los platos","Raciones pequeñas para su precio, decoración mejorable","No","Te explican cada plato y la atención al cliente es muy buena, para el precio que se paga quizás las raciones podrían ser más grandes y mejorar la decoración. El precio me pareció excesivo por el tamaño de las tapas-plato. Recomiendo el guiso de toro"
213,"Alvaro De Piñera Martin","1 reseña","Hace 3 meses","","","Positivo","","Atención excelente y agradable de Jessica","","No","Se llama Jessica y nos ha antendido muy bien"
214,"Belen Puras Martinez","2 reseñas","Hace 1 año","Cena","","Positivo","Platos recomendados","Local impecable, servicio súper atento y recomendaciones totalmente acertadas","","Sí","Un sitio súper agradable e impecable en todos los sentidos. El camarero muy pendiente en todo momento, y las recomendaciones q nos hizo, un acierto. Totalmente recomendable"
215,"KINGA RUTS","1 reseña","Hace 1 año","","","Positivo","","El mejor restaurante de la zona, comida y servicio de primer orden","","No","Excelente servicio. He conocido visitado muchos lugares de Pozuelo pero sin dudas este es el mejor. Destaca su comida"
216,"Maria Framit","4 reseñas · 1 foto","Hace 3 años","","","Positivo","","Comida de calidad superior que justifica el precio del ticket","","No","Lo mejor que he visitado en mucho tiempo. La comida es excelente. He leído unas cuantas reseñas que hablan sobre el precio, creo que la gente no debería ir a sitios que no se puede permitir solo para criticar. Si quieres buena calidad..."
217,"Oscar Castro","10 reseñas · 3 fotos","Hace 2 años","Comida","30-40 €","Negativo","","","Cocina sin alma, platos totalmente planos (nivel de 6 raspado), servicio disperso y lento","No","Cocina sin alma, la verdad no entiendo la buena valoración de ese sitio, es un restaurante normalito; eso sí, situado en una zona de renta media-alta. La comida toda al mismo nivel de pasable, todo es un 6... El servicio bastante disperso y lento."
218,"Mariano Calabuig","Local Guide · 167 reseñas · 15 fotos","Hace 8 años","","","Negativo","","","Calidad corriente, raciones escasas, precios desorbitados (300€ entre 4) y cero cortesía/invitación con cuentas altas","No","La calidad normal, las raciones escasas. Quieren ser demasiados modernos y no llegan y sobre todo caro y con falta de detalles hacia el cliente. Entre 4 nos dejamos casi 300 euros un día entre semana, les solucionamos la caja de la noche y no tuvieron el detalle de invitar a una copa."
219,"Alejandra Bohórquez Moreno","4 reseñas","Hace 1 año","Cena","50-60 €","Positivo","","Comida de muy buena calidad y precio ajustado, trato estupendo de camareros","","No","Comida de muy buena calidad y de precio. Además, el trato por parte de los camareros ha sido estupendo."
220,"Idoia G.","Local Guide · 43 reseñas · 5 fotos","Hace 1 año","Cena","20-30 €","Negativo","Tortilla de Betanzos con patatas chips","","Uso inaceptable de patatas chips procesadas para elaborar la tortilla de Betanzos","No","Con este restaurante o bien aciertas o bien es una decepcion. Ya lo siento pero la tortilla de “betanzos” con patatas chips me parece vergonzoso para un restaurante de calidad como este."
221,"Daniel Nuñez","Local Guide · 20 reseñas","Hace 2 años","Comida","20-30 €","Positivo","Platos elaborados, Tapeo","Comida muy sabrosa en tapeo y platos de autor, atención excelente","","No","Fascinante experiencia comer en La Roca. Fui en varias oportunidades y siempre la comida muy rica, y una atención excelente. Hay platos elaborados y todo el tapeo simple que quieres cuando tienes prisa. Cada vez que paso por Madrid es parada obligada"
222,"Santiago Domenech","Local Guide · 229 reseñas · 179 fotos","Hace 3 años","","","Positivo","Tacos de pulpo en tempura","Excelente materia prima, carta sugerente, local muy cómodo, raciones suficientes","","Sí","Excelente atención, carta variada y sugerente per se, excelente género, raciones algo justas según lo que pidas, pero en ningún caso escasas. El local es muy cómodo en todos los aspectos. Comimos tacos de pulpo en tempura..."
223,"adri pantoja","13 reseñas","Hace 2 años","Cena","30-40 €","Positivo","Tortilla trufada, Croquetas, Platos del día","Tortilla trufada y croquetas increíbles de sabor potente, servicio y recomendaciones de diez","","No","La comida excelente y el servicio una maravilla. La tortilla trufada y las croquetas son increíbles, un sabor potente y muy sabroso. El personal super atento nos recomendó algunos de los platos del día y muy bien, sitio agradable."
224,"César Sanz","9 reseñas","Hace 4 años","","","Positivo","Menú degustación de tapas","Excelente relación calidad-precio (25-30€/pax), recomendaciones perfectas de Nei (Ney)","","Sí","Calidad precio muy bueno Unos 25 30 euros por persona Segunda vez. Las 2 veces nos hemos dejado aconsejar por el camarero (Nei) Nos ha preparado una especie de menú de 3 tapillas muy rico Volveremos"
225,"Carlos Granero","Local Guide · 329 reseñas · 271 fotos","Hace 7 años","","","Positivo","Croquetas, Tomate rosa con aceite, sal y hierbas","Platos cuidados, sabrosos y con gran presentación; ideales para 2 o 4 personas","","Sí","Local pequeño, con mesas perfectas para dos o cuatro personas. Los platos muy cuidados, bien presentados y sabrosos. Recomiendo las croquetas y el tomate rosa, servido sin nada más que aceite y sal, además de un toque herbal."
226,"Carlos Guzmán Velasco","Local Guide · 424 reseñas · 1.243 fotos","Hace 6 años","","","Positivo","","Carta cuidada al detalle en producto y técnica, servicio genial, precio acorde","","Sí","Un sitio pequeño y tranquilo en el que puedes disfrutar de una carta con no muchos platos, pero en los que tanto el producto como la elaboración están cuidados al detalle. La relación calidad-precio es muy buena y el servicio genial. Volveremos pronto."
227,"Juan Turrión","Local Guide · 30 reseñas · 45 fotos","Hace 7 años","","","Positivo","Tapas frías y calientes, Entraña, Chipirones con huevos, Tataki de atún","Tapas económicas de gran calidad, raciones abundantes, sugerencias fuera de carta excepcionales","Local pequeño","No","Cocina de mercado, tiene tapas frías de gran calidad, las tapas calientes también son buenas y ambas económicas. Las raciones son abundantes y variadas. Pero destaca sobre todo las ofertas fuera de carta, yo he probado entraña, chipirones con huevos y tataki de atún..."
228,"María Fernanda Rodríguez","13 reseñas","Hace 1 año","Cena","40-50 €","Positivo","Platos de temporada","Producto de temporada tratado con mimo y técnica, ambiente confortable, buen servicio","","No","Producto de temporada tratado con mimo, técnica excelente y sabor. Ambiente muy cómodo y un trato al cliente muy bueno"
229,"Alicia Martinez","Local Guide · 30 reseñas · 16 fotos","Hace 5 años","","","Positivo","Tapas variadas, Helado de galleta","Propuesta gastronómica moderna y de calidad, postre exquisito, atención inmejorable","","No","Todo riquísimo, desde la primera tapa hasta el helado de galleta del último postre. Carta moderna y de calidad que encaja a la perfección con el sitio, también moderno y actual. Atención inmejorable por parte del personal. Volvería sin dudarlo!"
230,"Salva Castro","Local Guide · 143 reseñas · 127 fotos","Hace 5 años","","","Positivo","Platos de autor, Carta de vinos","La mejor cocina de Avenida de Europa, platos muy elaborados, buena bodega, servicio de diez","Uno de los restaurantes más caros de la zona","Sí","Por cocina, el mejor restaurante de Avenida de Europa, pero eso sí también de los más caros. La atención es excelente y los platos muy elaborados. Buena carta de vinos"
231,"Laura Ruggeri","Local Guide · 42 reseñas","Hace 5 años","","","Positivo","Platos de carta nueva","El mejor restaurante de Pozuelo, ingredientes de calidad suprema, recetas creativas, servicio estupendo","","Sí","Para mí es el mejor restaurante de Pozuelo! La calidad de los ingredientes es buenísima y la elaboración de los platos es excelente! Ademas acaban de incluir nuevos platos a su carta y todos muy creativos. El servicio estupendo."
232,"Alejandra Mas","14 reseñas · 3 fotos","Hace 1 año","Cena","20-30 €","Positivo","Kimuchi de marisco, Migas","Vanguardia combinada con tradición; Kimuchi y migas imprescindibles","","No","mi restaurante favorito sin duda!!! Kimuchi es el imprescindible y las migas también. Propuesta de vanguardia con toques tradicionales. Super recomendable"
233,"Vida Fernán","Local Guide · 20 reseñas · 20 fotos","Hace 1 año","Comida","20-30 €","Positivo","","Muy buena calidad de cocina, servicio muy atento","","No","La calidad de la comida muy buenas. El servicio muy atento"
234,"Jorge Méndez Álvarez","3 reseñas","Hace 1 año","Cena","40-50 €","Positivo","Bocaditos y tapas variadas","Formato de bocaditos muy divertido y sabroso, ambiente agradable y personal muy atento","","No","Un sitio genial. Puedes probar un montón de bocaditos súper divertidos y ricos. El servicio es muy guay y te sientes muy a gusto."
235,"Carlos Regueira","Local Guide · 31 reseñas · 3 fotos","Hace 3 años","Comida","30-40 €","Mixto","Torreznos, Vieira, Alcachofas, Bao de carrillera, Croquetas, Callos","Torreznos, vieira, alcachofas y bao excelentes, servicio inmejorable","Croquetas con bechamel sin sabor a jamón, callos insípidos","No","Torreznos, vieira, alcachofas, bao de carrillera excelente. La bechamel de las croquetas buenisima pero no sabían a nada. Me temo que se les había olvidado el jamón. Los callos muy bien limpios pero también insípido. Servicio inmejorable"
236,"Fernanda T","Local Guide · 19 reseñas","Hace 5 años","","","Mixto","Torrijas, Chupitos","Comida sabrosa y trato amable","Raciones muy pequeñas en relación al precio, error en la carta de alérgenos sobre el huevo en la torrija","Sí","Comida rica, pero no me parece proporcional al precio. Raciones muy pequeñas pero sabrosas. Igualmente, lo peor fue que en la carta de alérgenos ponía que las torrijas no tenían huevo. Soy alérgica y me extrañó, así que pregunté a los camareros..."
237,"Manuel Pérez","Local Guide · 82 reseñas","Hace 4 años","","","Positivo","","Relación calidad-precio correcta, servicio muy rápido y agradable","Terraza excesivamente ruidosa cuando está llena","Sí","Relación calidad precio correcta. Servicio muy rápido y agradable. En la terraza ambiente excesivamente ruidoso si bien estaba completo."
238,"Nicolas Pablo Mateo Serrano","Local Guide · 81 reseñas · 68 fotos","Hace 4 años","","","Positivo","Cigala con migas, Alcachofas, Chuletón, Croquetas","Tapas imaginativas en formato individual, buenas raciones para compartir","Precio algo elevado aunque acorde a la calidad","Sí","De las mejores opciones de pozuelo. Excelentes e imaginativas tapas que puedes pedir a nivel individual. También buenas raciones para compartir. Me gusto mucho la cigala con migas, alcachofas, buen chuleton y buenas croquetas."
239,"J. Rgz.","Local Guide · 231 reseñas · 7 fotos","Hace 1 año","","","Negativo","","","Comida normal sin florituras, precios elevados, personal antipático y poco profesional","No","La comida es normal, sin florituras. El precio es elevado en relación a los platos que ofrecen. El personal es poco profesional y algo antipático."
240,"Bobby Diaz","Local Guide · 58 reseñas · 47 fotos","Hace 1 año","Comida","30-40 €","Negativo","","","Nivel culinario por debajo del estándar esperado para un local recomendado en Guía Michelin","Sí","No sé si es que tuvieron un mal día o que pasó pero no nos gustó mucho. Fuimos porque el restaurante está en la guía michelin, pero la verdad es que no nos pareció que estuviese a la altura de otros restaurantes recomendados por esta entidad."
241,"Llegó la hora","Local Guide · 33 reseñas · 18 fotos","Hace 2 años","","","Negativo","Pulpo a la brasa con arroz, Carnes a la brasa, Postres","Camareros amables y atentos, postres deliciosos, local agradable","Platos minúsculos; pulpo seco, frío, escaso y con arroz insípido a precio desorbitado; carnes servidas frías","No","El local me parecen bien, los camareros muy amables y atentos,pero los platos parecían de miniatura.El pulpo lo que peor ...un precio desorbitado, pulpo seco ,frío, poca cantidad y arroz insípido.Las carnes también estaban frías..Una pena. Nos encantaron los postres"
242,"Virginia Fernández","11 reseñas · 2 fotos","Hace 1 año","Comida","30-40 €","Positivo","","Comida de máxima calidad, servicio excelente, experiencia 100% recomendable","","No","Excelente restaurante, comida de máxima calidad y gran servicio, esramos encantados!! Recomendable 100%."
243,"David Arroyo","2 reseñas","Hace 1 año","Cena","","Positivo","","Comida excelente, trato estupendo del personal, ambiente tranquilo","","Sí","La comida excelente, al igual que el trato del personal. El ambiente muy tranquilo. Un acierto haberlo elegido para la celebración."
244,"Javier Barrio","Local Guide · 132 reseñas · 136 fotos","Hace 2 años","","","Negativo","T-Bone (60€/kg)","","Carne vulgar sin sabor que suelta agua en el plato caliente, precio desorbitado","No","Muy pobre el T-Bone a 60 euros/kilo. Carne vulgar con nulo sabor y soltando agua en el plato que llega caliente. No merece la pena."
245,"Kani Olivares","10 reseñas","Hace 1 año","","","Positivo","","Comida buenísima, personal muy atento, profesionalidad absoluta de Ney","","No","Ney es un profesional como la copa de un pino y el personal muy atentos. La comida estaba buenísima. Volveremos. Enhorabuena"
246,"Rii Bakal","Local Guide · 14 reseñas · 10 fotos","Hace 1 año","","","Positivo","","Comida deliciosa, atención de 10 y grandes explicaciones de los platos por parte de Ney","","No","Todo delicioso, súper bueno. La atención muy amable, destacando la de Ney al igual que la explicación de los platos. De 10."
247,"MARISA ALCAT","Local Guide · 235 reseñas · 9 fotos","Hace 7 años","","","Mixto","Tuétano a la brasa, Raciones variadas","Terraza muy agradable, raciones ricas y elaboradas, encargado de terraza muy profesional","Comedor interior muy pequeño y angosto, la cuenta se dispara con facilidad si se pide sin control","Sí","Es agradable pero en la terraza, dentro es muy pequeño y resulta angosto Las raciones bien, ricas, algunas como la de tuétano, elaboradas. Pero sino pides con orden y concierto se te pone la cena en un pico.Ojo!.Ah el encargado de la terraza un verdadero profesional"
248,"Francis Lema","Local Guide · 28 reseñas · 33 fotos","Hace 1 año","","","Positivo","Bocaditos de autor","Bocados exquisitos, ambiente excelente y servicio estupendo","","No","Magnífico lugar para tomar unos bocados exquisitos, ambiente y servicio estupendos. Recomendado cien por cien"
249,"Aiste Savickaite","Local Guide · 19 reseñas","Hace 2 años","Cena","Más de 100 €","Negativo","Tortilla de patata, Fideuá, Postres industriales","","Tortilla grasienta con harina y aceite usado, fideuá insípida y salada, postres industriales, precios abusivos","No","No lo recomiendo.. caro y la comida mala y poca...la tortilla de patata lleva harina y mucho aceite usado, malísimo. Fideuá sin sabor, sólo muy salado..Los postres no caseros..Se come mejor en Mercadona o Lidl en casa que allí"
250,"Gema Fariñas","5 reseñas · 4 fotos","Hace 1 año","Cena","20-30 €","Positivo","Tortilla de camarones, Torreznos, Steak tartar, Torrija, Tarta árabe","Comida excelente en todos los platos y postres, trato insuperable","","No","Comimos excelente y el trato insuperable. Recomiendo la tortilla de camarones, los torreznos, el steak tartar y de postres la torrija y tarta árabe."
251,"Julio Sanz Barros","Local Guide · 78 reseñas · 36 fotos","Hace 4 años","","","Positivo","Berberechos a la brasa, Platos para compartir","Platos bien elaborados, berberechos muy sabrosos, buen servicio","Volumen de la música ambiente excesivamente alto","No","Buen sitio para cenar y compartir unos.platos bien elaborados. Los berberechos a la brasa muy sabrosos. Buen servicio y atención. Lástima la música ambiente a un volumen que no entiendo para este local. Recomendable si bajan la música un par de puntos"
252,"JorgeP.","Local Guide · 522 reseñas · 331 fotos","Hace 5 años","","","Positivo","Arroz meloso con vieiras y solomillo ibérico, Zamburiñas","Sabores sorprendentes, carta flexible con opción de raciones o arroces","","Sí","Sitio más que interesante, con una carta que ofrece la posibilidad de comer a base de raciones o tomar un pescado, o un arroz. Tomamos el arroz meloso con vieiras y solomillo ibérico, muy rico (el sabor es sorprendente). Las zamburiñas del..."
253,"alejandra mahou","11 reseñas","Hace 1 año","Cena","30-40 €","Positivo","Opciones sin gluten","Excelente adaptación de toda la carta para celíacos (sin gluten), servicio impecable de Ney","","No","Muy cómodo y el servicio de Ney impecable, me ha traído todas las versiones de los platos sin gluten."
254,"Jaime Summers Inch","Local Guide · 37 reseñas · 25 fotos","Hace 5 años","","","Negativo","Tortilla de Betanzos, Patatas bravas","","Tortilla cruda con patatas que parecen de bolsa, ración de bravas consistente en solo 2 patatas partidas","No","Comida un poco escasa. La tortilla de betanzos da la impresión que está hecha con patatas de bolsa, la cuajan prácticamente nada para que no se note. Las patatas bravas son literalmente dos patatas partidas con salsa."
255,"Gonzalo Arcas","Local Guide · 54 reseñas · 83 fotos","Hace 1 año","","","Positivo","Platos de autor","Platos originales y muy elaborados, ambiente familiar, atención sobresaliente de Ney","","No","Un sitio ideal para ir en familia con platos muy elaborados y originales. Especial mención a Ney que nos supo atender de la mejor manera."
256,"Cristina R","Local Guide · 9 reseñas · 91 fotos","Hace 1 año","","","Positivo","","Comida espectacular y de calidad, trato muy atento y amable, precio acorde","","No","Servicio muy atento y amable, comida espectacular y de calidad. Precio acorde a la calidad."
257,"Guillermo Porrati Paladino","Local Guide · 14 reseñas · 4 fotos","Hace 3 años","","","Negativo","Agua filtrada del grifo, Mermeladas","","Cantidades ridículas, mermeladas de bote y producto precocinado a precio de fresco, cobro de agua de grifo a precio embotellado sin avisar","No","Unas cantidades ridículas para los precios que ofrecen. Mermeladas de bote, producto congelado o procesado/precocinado... a precio de fresco. Pedimos agua y nos pusieron una botella de agua filtrada del grifo que nos la cobraron como embotellada sin avisarnos."
258,"Isabela Balensiefer","11 reseñas","Hace 2 años","","","Positivo","","Comida deliciosa, servicio impecable y camarero Alejandro muy atento","","Sí","Excelente! Comida rica y bien servicio. Especial mención al camarero Alejandro que fue muy muy amable y merece ser nombrado!!"
259,"Estefanía Navarro","3 reseñas","Hace 1 año","Comida","20-30 €","Positivo","","Comida de calidad y trato muy agradable de los camareros","","No","Excelente servicio. El trato de los camareros muy agradable. Comida de calidad, muy buena."
260,"JRH","Local Guide · 68 reseñas · 27 fotos","Hace 2 años","Cena","20-30 €","Negativo","Torreznos con patatas revolconas, Mejillones","","Torreznos grasientos con capa de manteca blanca, patatas revolconas irreconocibles, decadencia progresiva del local","Sí","La Roca está yendo a menos. Pedimos torreznos con revolconas. Posiblemente los peores torreznos que he probado. Trozos grandes con una gran capa de grasa blanca y una cucharada de patatas revolconas de sabor irreconocible. Unos mejillones..."
261,"Ramón del Rey","Local Guide · 158 reseñas · 22 fotos","Hace 6 años","","","Positivo","Ravioli de rabo de toro, Hoja en tempura con vieira, Ensaladilla rusa","Recomendaciones del encargado excelentes, platos deliciosos","","Sí","Fuimos recomendados por varias personas y después de confiar ciegamente en el criterio del encargado, no hemos podido salir más contentos. Probamos el raviolli de rabo de toro, una hoja de algo en tempura con vieira, ensaladilla rusa..."
262,"Juan Cruz","Local Guide · 76 reseñas · 81 fotos","Hace 1 año","Cena","30-40 €","Positivo","Mejillones tigre, Tortilla de patata","Mejillones tigre riquísimos y tortilla sabrosa, ideal para picoteo entre semana","","No","Los mejillones tigre riquísimos. Repetimos! Picoteo para cenar un día entre semana. Correcto. Y la tortilla rica también!"
263,"A M","Local Guide · 33 reseñas · 2 fotos","Hace 4 años","Comida","20-30 €","Positivo","Arroz meloso, Sam de gambas, Zamburiñas","Materia prima excelente, buena técnica, camareros profesionales y muy atentos incluso con sala llena","","No","Muy rico todo en general. Buen producto y buena cocina, y excelente servicio. Camareros profesionales muy atentos, y eso que había gente ... recomendamos especialmente el arroz, los Sam y las zambuiriñas."
264,"David S Navarro","Local Guide · 43 reseñas · 3 fotos","Hace 5 años","","","Negativo","Mollete de cochinita pibil","Buen servicio general","Tapas pequeñas y precio elevado, mollete de cochinita con cantidad ridícula (4 tiras de carne), ausencia de mantel","No","Buen servicio y comida bien ; que las tapas son pequeñas y el precio elevado es opinable, aunque haya otros sitios cerca a mejor precio y, al menos, la misma calidad; pero cuando pides un mollete de cochinita pibil y llega con cuatro tirillas eso ya no es discutible. Tampoco que no pongan un mantel o mantelito."
265,"juan antonio revuelta","Local Guide · 59 reseñas · 105 fotos","Hace 2 años","","","Positivo","Ensaladilla, Patatas bravas de la casa, Cerveza Turia de grifo","Tapas con mucho encanto y sabor delicatessen, cerveza Turia de barril bien tirada","","No","Bueno Bueno queridos Gastro caminantes!!!!! Otro sitio de esos que hay que ¡mojar! Solo nos ha dado tiempo a un par de tapas pero madre mía!!!! Encanto y calidad. Nuestra Turia en el grifo y esa ensaladilla amén de las bravas a su estilo. Delicatessen. !!!!! Volveremos sin duda"
266,"Maria Jesus Hernandez Gonzalez","Local Guide · 77 reseñas · 3 fotos","Hace 4 años","","","Negativo","Ensaladilla rusa, Chipirones a la plancha con arroz, Croquetas","","Raciones muy pequeñas, elaboración escasa para precios altos, ensaladilla simple y chipirones corrientes","Sí","Decepcionante. Escasa elaboración de los platos, raciones pequeñas y precio elevado. Tomamos ensaladilla rusa, una ración pequeña, nada destacable y muy cara dada la simplicidad del plato. Los chipirones a la plancha (con arroz a modo de..."
267,"Pedro Ortega","7 reseñas","Hace 1 año","","","Positivo","Mejillones fuera de carta","Local acogedor, trato familiar, mejillones sugeridos fuera de carta excelentes","","No","Sitio muy acogedor. Servicio de camareros muy agradable, te hacen sentir como en casa. Muy recomendables los mejillones fuera de carta."
268,"horaciodgd","Local Guide · 733 reseñas · 2.336 fotos","Hace 7 años","","","Positivo","Carta fría y caliente, Sugerencias fuera de carta","Comida rica y bien diferenciada, servicio ágil y dimensionado, sugerencias fuera de carta recomendables","Local físicamente pequeño","No","Gran sitio -físicamente pequeño- para comer o cenar. Comida rica que ofrecen en una carta de caliente (100º) y fria (20º). Recomiendo escuchar las sugerencias 'fuera de carta'. El servicio es agil y dimensionado aunque no le pongo la 5*..."
269,"Laura G","Local Guide · 118 reseñas · 206 fotos","Hace 3 años","Comida","30-40 €","Positivo","Ravioli de rabo de toro, Huevo frito Rossini","Cocina espectacular, bocados sabrosos de alta cocina, servicio de mesa excelente","","No","Un sitio totalmente recomendable, por su espectacular cocina, a cada plato más rico, como por la excelente atención de su personal. De lo que más nos gustó su ravioli de rabo de toro o el huevo frito Rossini, espectaculares bocados! Para repetir y recomendar !"
270,"Francisco Andújar","Local Guide · 75 reseñas · 65 fotos","Hace 1 año","Otro","10-20 €","Positivo","Copas preparadas","Trato muy educado y profesional incluso al llegar cerca de la hora de cierre","","No","Fuimos a tomar una copa, a media.hora del cierre y el trato fue educadisimo. Además de una copa muy bue preparada"
271,"Eughenia Soto Collins","10 reseñas","Hace 5 años","","","Positivo","","Calidad muy alta en ingredientes y técnica culinaria a precios muy razonables","","Sí","Sitio espectacular! Gran restaurante para comer en Pozuelo, y os lo digo con conocimiento de causa porque me considero un cliente bastante exigente y las veces que he ido a comer os aseguro que la calidad es muy buena y a unos precios muy razonables!"
272,"Javier Polo O.","Local Guide · 332 reseñas · 66 fotos","Hace 5 años","","","Positivo","Chupitos","Materias primas de gran calidad, excelente elaboración, personal muy profesional, invitación a segunda ronda de chupitos","Cantidades algo justas, precios algo elevados, cobro inicial de la primera ronda de chupitos","Sí","5 estrellas por la calidad de las materias primas y la excelente elaboración de los platos, así como la profesionalidad del personal. Menos 1 estrella porque las cantidades son algo justas, los precios algo elevados, y nos cobraron los chupitos..."
273,"GREGORIA MATEOS","3 reseñas","Hace 4 años","Comida","","Negativo","","","Falta de transparencia al no disponer de cartas físicas con precios de bebidas y postres","No","Acabo de comer hoy con mi pareja en La Roca Pozuelo y nos ha parecido decepcionante. Hay varios detalles que suponen una falta de respeto al cliente que deberían rectificar: no tienen carta de bebidas, ni de postres, solo de vinos, lo que..."